Club,Position,Age,Appearances,Wins,Losses,Shots,Shots on target,Big chances missed,Tackles,Interceptions,Clearances,Recoveries,Duels won,Duels lost,Passes,Big chances created,Crosses,Yellow cards,Red cards,Fouls,Offsides,Goals,Assists,Name
0,2,28.0,64,28,16,0.0,0.0,0.0,0.0,0.0,0.0,0.0,0.0,0.0,1783,0.0,0.0,2,0,0,0.0,0,0,Bernd Leno
0,2,26.0,0,0,0,0.0,0.0,0.0,0.0,0.0,0.0,0.0,0.0,0.0,0,0.0,0.0,0,0,0,0.0,0,0,Matt Macey
0,2,25.0,0,0,0,0.0,0.0,0.0,0.0,0.0,0.0,0.0,0.0,0.0,0,0.0,0.0,0,0,0,0.0,0,0,Rúnar Alex Rúnarsson
0,0,25.0,160,90,37,0.0,0.0,0.0,214.0,208.0,304.0,732.0,611.0,709.0,7125,28.0,389.0,23,0,125,8.0,7,18,Héctor Bellerín
0,0,23.0,16,7,5,0.0,0.0,0.0,21.0,12.0,32.0,63.0,55.0,38.0,519,1.0,45.0,2,0,9,0.0,1,1,Kieran Tierney
0,0,19.0,0,0,0,0.0,0.0,0.0,0.0,0.0,0.0,0.0,0.0,0.0,0,0.0,0.0,0,0,0,0.0,0,0,William Saliba
0,0,32.0,44,21,11,0.0,0.0,0.0,67.0,43.0,175.0,173.0,227.0,160.0,2416,4.0,1.0,18,0,56,1.0,3,2,Sokratis
0,0,25.0,41,25,9,0.0,0.0,0.0,50.0,54.0,170.0,192.0,176.0,142.0,2200,0.0,3.0,8,0,32,0.0,0,0,Rob Holding
0,0,28.0,99,52,26,0.0,0.0,0.0,197.0,195.0,531.0,455.0,670.0,416.0,5907,5.0,45.0,28,0,117,7.0,7,4,Shkodran Mustafi
0,0,25.0,139,47,57,0.0,0.0,0.0,257.0,247.0,537.0,735.0,703.0,619.0,5935,9.0,210.0,28,1,137,2.0,6,3,Calum Chambers
0,0,33.0,194,113,38,0.0,0.0,0.0,240.0,344.0,832.0,1042.0,846.0,680.0,10165,22.0,67.0,40,3,212,5.0,13,7,David Luiz
0,0,27.0,78,40,22,0.0,0.0,0.0,112.0,72.0,111.0,365.0,284.0,264.0,3201,18.0,123.0,12,0,74,16.0,2,11,Sead Kolasinac
0,0,22.0,2,2,0,0.0,0.0,0.0,2.0,2.0,8.0,6.0,8.0,7.0,197,0.0,0.0,0,0,3,0.0,1,0,Gabriel Magalhães
0,3,31.0,184,100,39,205.0,92.0,26.0,161.0,75.0,37.0,778.0,625.0,744.0,11186,65.0,834.0,13,0,95,83.0,33,54,Mesut Özil
0,3,24.0,63,28,15,46.0,12.0,1.0,96.0,75.0,53.0,327.0,276.0,212.0,2493,3.0,40.0,14,1,62,0.0,3,3,Lucas Torreira
0,3,23.0,54,26,16,14.0,4.0,1.0,101.0,62.0,66.0,223.0,218.0,207.0,1867,4.0,57.0,6,2,35,1.0,1,3,Ainsley Maitland-Niles
0,3,28.0,47,29,10,44.0,5.0,2.0,57.0,41.0,41.0,211.0,109.0,107.0,2532,2.0,30.0,7,1,24,2.0,0,3,Mohamed Elneny
0,3,21.0,33,12,12,18.0,5.0,2.0,30.0,6.0,10.0,64.0,75.0,76.0,398,1.0,9.0,2,0,13,0.0,1,1,Joseph Willock
0,3,21.0,57,24,17,27.0,9.0,1.0,75.0,59.0,58.0,284.0,263.0,217.0,2750,4.0,21.0,15,0,41,0.0,0,1,Matteo Guendouzi
0,3,20.0,2,0,1,0.0,0.0,0.0,1.0,1.0,2.0,5.0,4.0,4.0,35,0.0,1.0,0,0,0,0.0,0,0,Emile Smith Rowe
0,3,27.0,132,70,33,144.0,41.0,1.0,254.0,133.0,208.0,885.0,650.0,607.0,9739,12.0,274.0,35,2,196,2.0,8,13,Granit Xhaka
0,3,19.0,28,11,7,15.0,4.0,1.0,36.0,12.0,12.0,0.0,0.0,0.0,716,6.0,69.0,6,0,22,13.0,1,5,Bukayo Saka
0,3,24.0,26,14,6,14.0,3.0,0.0,49.0,37.0,14.0,163.0,127.0,129.0,1372,2.0,71.0,1,0,21,0.0,0,3,Dani Ceballos
0,1,29.0,99,46,28,204.0,93.0,31.0,92.0,30.0,49.0,0.0,0.0,0.0,2045,15.0,60.0,11,0,127,62.0,39,16,Alexandre Lacazette
0,1,31.0,87,43,25,222.0,105.0,39.0,58.0,25.0,38.0,0.0,0.0,0.0,1880,17.0,155.0,4,1,30,55.0,55,13,Pierre-Emerick Aubameyang
0,1,25.0,33,15,9,51.0,18.0,2.0,32.0,8.0,4.0,0.0,0.0,0.0,723,8.0,113.0,4,0,14,4.0,5,6,Nicolas Pépé
0,1,20.0,20,10,5,13.0,4.0,0.0,15.0,6.0,2.0,0.0,0.0,0.0,286,0.0,25.0,1,0,8,4.0,1,0,Reiss Nelson
0,1,21.0,23,12,8,20.0,8.0,3.0,9.0,2.0,6.0,0.0,0.0,0.0,172,1.0,1.0,0,1,18,5.0,4,0,Eddie Nketiah
0,1,19.0,14,3,3,12.0,5.0,1.0,20.0,3.0,5.0,34.0,46.0,92.0,116,0.0,22.0,1,0,9,2.0,3,0,Gabriel Martinelli
0,1,32.0,236,137,47,393.0,145.0,20.0,246.0,100.0,54.0,0.0,0.0,0.0,8290,51.0,1009.0,21,1,131,33.0,37,35,Willian
1,2,34.0,116,34,55,0.0,0.0,0.0,0.0,0.0,0.0,0.0,0.0,0.0,3290,0.0,0.0,5,0,2,0.0,0,0,Tom Heaton
1,2,28.0,2,0,2,0.0,0.0,0.0,0.0,0.0,0.0,0.0,0.0,0.0,32,0.0,0.0,0,0,0,0.0,0,0,Jed Steer
1,2,30.0,7,1,4,0.0,0.0,0.0,0.0,0.0,0.0,0.0,0.0,0.0,152,0.0,0.0,0,0,0,0.0,0,0,Ørjan Nyland
1,2,30.0,0,0,0,0.0,0.0,0.0,0.0,0.0,0.0,0.0,0.0,0.0,0,0.0,0.0,0,0,0,0.0,0,0,Lovre Kalinic
1,2,28.0,16,9,6,0.0,0.0,0.0,0.0,0.0,0.0,0.0,0.0,0.0,397,0.0,0.0,2,0,1,0.0,0,0,Emiliano Martínez
1,0,31.0,145,48,62,0.0,0.0,0.0,266.0,241.0,350.0,614.0,493.0,454.0,5491,6.0,255.0,21,0,121,3.0,0,5,Neil Taylor
1,0,22.0,26,8,12,0.0,0.0,0.0,19.0,27.0,70.0,106.0,116.0,81.0,810,2.0,13.0,3,0,17,1.0,2,2,Ezri Konsa Ngoyo
1,0,25.0,72,24,28,0.0,0.0,0.0,122.0,124.0,156.0,297.0,274.0,239.0,2240,13.0,250.0,8,0,41,2.0,2,6,Matt Targett
1,0,26.0,17,3,12,0.0,0.0,0.0,11.0,28.0,85.0,53.0,71.0,39.0,647,0.0,2.0,1,0,5,1.0,1,0,Björn Engels
1,0,25.0,25,7,13,0.0,0.0,0.0,74.0,49.0,62.0,104.0,164.0,172.0,749,1.0,91.0,7,0,36,2.0,0,2,Frédéric Guilbert
1,0,33.0,183,48,91,0.0,0.0,0.0,267.0,246.0,342.0,909.0,960.0,866.0,6628,19.0,916.0,12,1,152,13.0,6,13,Ahmed El Mohamady
1,0,25.0,18,3,11,20.0,3.0,3.0,21.0,20.0,94.0,109.0,138.0,77.0,799,1.0,0.0,3,0,24,1.0,1,0,Kortney Hause
1,0,27.0,51,13,27,0.0,0.0,0.0,30.0,49.0,253.0,270.0,162.0,113.0,1961,2.0,10.0,8,0,30,2.0,2,3,Tyrone Mings
1,0,23.0,1,1,0,0.0,0.0,0.0,1.0,2.0,4.0,5.0,1.0,2.0,56,0.0,6.0,1,0,0,0.0,0,0,Matthew Cash
1,3,22.0,37,10,20,41.0,13.0,2.0,46.0,36.0,47.0,211.0,150.0,163.0,1300,3.0,25.0,8,0,51,0.0,3,2,Douglas Luiz
1,3,25.0,29,7,15,57.0,20.0,4.0,53.0,26.0,15.0,157.0,193.0,185.0,759,3.0,67.0,4,0,38,0.0,3,3,John McGinn
1,3,29.0,13,4,8,3.0,0.0,0.0,7.0,1.0,2.0,14.0,10.0,16.0,115,0.0,2.0,1,0,5,1.0,0,0,Henri Lansbury
1,3,25.0,71,17,42,105.0,32.0,6.0,45.0,44.0,17.0,293.0,419.0,293.0,2098,12.0,202.0,9,0,47,6.0,9,7,Jack Grealish
1,3,26.0,29,7,16,7.0,1.0,0.0,55.0,39.0,32.0,155.0,115.0,110.0,782,0.0,4.0,5,0,26,0.0,0,0,Marvelous Nakamba
1,3,29.0,28,8,13,30.0,10.0,1.0,16.0,9.0,27.0,73.0,54.0,50.0,665,8.0,124.0,4,0,15,4.0,3,5,Conor Hourihane
1,3,25.0,35,9,19,52.0,17.0,3.0,40.0,27.0,14.0,80.0,134.0,175.0,388,0.0,73.0,2,1,39,6.0,6,1,Trézéguet
1,3,25.0,34,7,19,52.0,20.0,7.0,20.0,13.0,12.0,75.0,97.0,151.0,479,4.0,107.0,3,0,20,12.0,4,4,Anwar El Ghazi
1,3,29.0,10,2,7,6.0,1.0,0.0,3.0,3.0,5.0,26.0,13.0,25.0,93,1.0,2.0,0,0,6,0.0,0,1,Jota
1,3,19.0,0,0,0,0.0,0.0,0.0,0.0,0.0,0.0,0.0,0.0,0.0,0,0.0,0.0,0,0,0,0.0,0,0,Jacob Ramsey
1,1,23.0,21,6,12,35.0,18.0,5.0,15.0,4.0,23.0,0.0,0.0,0.0,367,1.0,7.0,3,0,43,14.0,5,1,Wesley
1,1,22.0,19,4,9,17.0,5.0,3.0,1.0,0.0,4.0,0.0,0.0,0.0,149,0.0,3.0,0,0,12,3.0,0,0,Keinan Davis
1,1,24.0,1,1,0,3.0,0.0,0.0,0.0,0.0,0.0,0.0,0.0,0.0,19,0.0,0.0,0,0,2,1.0,0,0,Ollie Watkins
1,1,25.0,10,2,4,17.0,6.0,0.0,9.0,2.0,3.0,0.0,0.0,0.0,136,1.0,3.0,0,0,3,5.0,2,1,Bertrand Traoré
2,2,28.0,112,27,50,0.0,0.0,0.0,0.0,0.0,0.0,0.0,0.0,0.0,3272,0.0,0.0,2,0,2,0.0,0,0,Mat Ryan
2,2,30.0,0,0,0,0.0,0.0,0.0,0.0,0.0,0.0,0.0,0.0,0.0,0,0.0,0.0,0,0,0,0.0,0,0,Jason Steele
2,2,24.0,0,0,0,0.0,0.0,0.0,0.0,0.0,0.0,0.0,0.0,0.0,0,0.0,0.0,0,0,0,0.0,0,0,Christian Walton
2,2,22.0,0,0,0,0.0,0.0,0.0,0.0,0.0,0.0,0.0,0.0,0.0,0,0.0,0.0,0,0,0,0.0,0,0,Robert Sánchez
2,0,22.0,2,1,1,0.0,0.0,0.0,2.0,2.0,2.0,5.0,8.0,5.0,101,0.0,1.0,0,0,2,0.0,0,0,Ben White
2,0,19.0,11,4,4,0.0,0.0,0.0,12.0,23.0,16.0,41.0,57.0,51.0,243,4.0,27.0,3,0,16,0.0,0,2,Tariq Lamptey
2,0,28.0,112,28,49,0.0,0.0,0.0,151.0,173.0,547.0,725.0,560.0,362.0,5364,3.0,10.0,21,1,80,1.0,6,5,Lewis Dunk
2,0,25.0,33,8,13,0.0,0.0,0.0,33.0,48.0,112.0,184.0,179.0,108.0,2001,2.0,6.0,4,0,14,0.0,3,1,Adam Webster
2,0,25.0,36,9,16,0.0,0.0,0.0,89.0,40.0,86.0,169.0,212.0,109.0,1115,3.0,48.0,5,0,20,6.0,0,1,Bernardo
2,0,28.0,44,11,19,0.0,0.0,0.0,73.0,51.0,203.0,175.0,270.0,191.0,1792,2.0,51.0,5,0,38,3.0,0,0,Dan Burn
2,0,28.0,0,0,0,0.0,0.0,0.0,0.0,0.0,0.0,0.0,0.0,0.0,0,0.0,0.0,0,0,0,0.0,0,0,Joël Veltman
2,0,20.0,0,0,0,0.0,0.0,0.0,0.0,0.0,0.0,0.0,0.0,0.0,0,0.0,0.0,0,0,0,0.0,0,0,Romaric Yapi
2,0,20.0,0,0,0,0.0,0.0,0.0,0.0,0.0,0.0,0.0,0.0,0.0,0,0.0,0.0,0,0,0,0.0,0,0,Alex Cochrane
2,0,18.0,0,0,0,0.0,0.0,0.0,0.0,0.0,0.0,0.0,0.0,0.0,0,0.0,0.0,0,0,0,0.0,0,0,Haydon Roberts
2,3,31.0,99,24,45,49.0,5.0,0.0,261.0,167.0,152.0,724.0,402.0,445.0,4785,4.0,6.0,20,1,136,0.0,1,5,Dale Stephens
2,3,24.0,52,13,26,51.0,10.0,2.0,115.0,57.0,48.0,239.0,285.0,261.0,1441,1.0,14.0,9,1,74,2.0,1,0,Yves Bissouma
2,3,21.0,9,3,2,7.0,1.0,1.0,9.0,1.0,1.0,15.0,17.0,22.0,98,0.0,23.0,0,0,4,1.0,0,0,Alexis Mac Allister
2,3,29.0,93,20,42,97.0,38.0,3.0,101.0,37.0,48.0,313.0,216.0,387.0,2937,35.0,522.0,7,0,67,22.0,12,15,Pascal Groß
2,3,32.0,198,98,50,274.0,96.0,24.0,322.0,166.0,126.0,839.0,886.0,1078.0,6407,25.0,489.0,17,0,142,57.0,30,28,Adam Lallana
2,3,26.0,92,21,42,93.0,26.0,4.0,140.0,62.0,66.0,345.0,372.0,456.0,1971,13.0,329.0,6,0,70,15.0,2,7,Solly March
2,3,29.0,100,24,44,80.0,15.0,6.0,187.0,151.0,134.0,673.0,456.0,472.0,4384,7.0,67.0,8,1,105,3.0,2,7,Davy Pröpper
2,3,22.0,21,6,9,15.0,4.0,1.0,34.0,15.0,13.0,0.0,0.0,0.0,681,0.0,8.0,1,0,21,3.0,0,0,Steven Alzate
2,3,21.0,0,0,0,0.0,0.0,0.0,0.0,0.0,0.0,0.0,0.0,0.0,0,0.0,0.0,0,0,0,0.0,0,0,Max Sanders
2,3,21.0,0,0,0,0.0,0.0,0.0,0.0,0.0,0.0,0.0,0.0,0.0,0,0.0,0.0,0,0,0,0.0,0,0,Jayson Molumby
2,3,19.0,0,0,0,0.0,0.0,0.0,0.0,0.0,0.0,0.0,0.0,0.0,0,0.0,0.0,0,0,0,0.0,0,0,Lars Dendoncker
2,3,20.0,0,0,0,0.0,0.0,0.0,0.0,0.0,0.0,0.0,0.0,0.0,0,0.0,0.0,0,0,0,0.0,0,0,Peter Gwargis
2,1,25.0,33,7,14,45.0,14.0,8.0,23.0,11.0,6.0,0.0,0.0,0.0,772,7.0,83.0,0,0,17,4.0,6,4,Leandro Trossard
2,1,24.0,39,10,16,101.0,41.0,11.0,21.0,5.0,9.0,0.0,0.0,0.0,710,3.0,13.0,3,0,38,15.0,12,4,Neal Maupay
2,1,27.0,31,8,16,34.0,8.0,0.0,41.0,14.0,3.0,0.0,0.0,0.0,401,2.0,48.0,2,0,21,7.0,2,0,Alireza Jahanbakhsh
2,1,28.0,47,13,19,67.0,19.0,3.0,38.0,21.0,32.0,0.0,0.0,0.0,728,4.0,29.0,3,0,26,18.0,5,4,José Izquierdo
2,1,20.0,26,8,12,43.0,16.0,5.0,8.0,0.0,3.0,0.0,0.0,0.0,161,1.0,9.0,0,0,17,16.0,4,1,Aaron Connolly
2,1,27.0,26,5,14,20.0,9.0,3.0,11.0,3.0,13.0,0.0,0.0,0.0,177,0.0,5.0,5,1,30,4.0,4,0,Florin Andone
2,1,22.0,0,0,0,0.0,0.0,0.0,0.0,0.0,0.0,0.0,0.0,0.0,0,0.0,0.0,0,0,0,0.0,0,0,Viktor Gyökeres
3,2,28.0,74,28,26,0.0,0.0,0.0,0.0,0.0,0.0,0.0,0.0,0.0,2124,0.0,0.0,4,0,1,0.0,0,0,Nick Pope
3,2,23.0,0,0,0,0.0,0.0,0.0,0.0,0.0,0.0,0.0,0.0,0.0,0,0.0,0.0,0,0,0,0.0,0,0,Bailey Peacock-Farrell
3,2,27.0,1,1,0,0.0,0.0,0.0,0.0,0.0,0.0,0.0,0.0,0.0,0,0.0,0.0,0,0,0,0.0,0,0,Will Norris
3,0,31.0,172,49,83,0.0,0.0,0.0,415.0,317.0,697.0,732.0,796.0,601.0,5463,18.0,428.0,35,0,144,1.0,2,12,Matthew Lowton
3,0,27.0,74,23,33,0.0,0.0,0.0,111.0,86.0,186.0,377.0,411.0,285.0,2249,3.0,238.0,8,0,39,3.0,0,2,Charlie Taylor
3,0,27.0,123,48,50,0.0,0.0,0.0,202.0,166.0,691.0,472.0,861.0,442.0,3839,7.0,15.0,24,0,119,12.0,5,3,James Tarkowski
3,0,31.0,166,49,77,0.0,0.0,0.0,240.0,260.0,1082.0,911.0,986.0,624.0,6088,7.0,70.0,36,0,118,6.0,4,4,Ben Mee
3,0,32.0,194,61,79,0.0,0.0,0.0,538.0,354.0,620.0,899.0,1142.0,892.0,6880,17.0,455.0,34,0,300,5.0,1,11,Erik Pieters
3,0,35.0,300,100,130,0.0,0.0,0.0,728.0,423.0,1081.0,1154.0,1395.0,990.0,9247,17.0,660.0,78,2,327,5.0,7,5,Phil Bardsley
3,0,30.0,35,8,14,0.0,0.0,0.0,63.0,34.0,214.0,130.0,236.0,160.0,1038,4.0,2.0,1,0,28,1.0,1,3,Kevin Long
3,0,22.0,1,0,1,0.0,0.0,0.0,0.0,2.0,8.0,3.0,9.0,2.0,25,0.0,0.0,0,0,1,0.0,1,0,Jimmy Dunne
3,0,19.0,0,0,0,0.0,0.0,0.0,0.0,0.0,0.0,0.0,0.0,0.0,0,0.0,0.0,0,0,0,0.0,0,0,Bobby Thomas
3,0,20.0,0,0,0,0.0,0.0,0.0,0.0,0.0,0.0,0.0,0.0,0.0,0,0.0,0.0,0,0,0,0.0,0,0,Anthony Driscoll-Glennon
3,3,31.0,264,96,105,137.0,42.0,6.0,466.0,400.0,477.0,1565.0,1312.0,1335.0,11059,11.0,151.0,32,0,211,13.0,8,9,Jack Cork
3,3,29.0,96,28,44,114.0,37.0,1.0,93.0,91.0,90.0,386.0,313.0,369.0,1750,12.0,439.0,5,0,41,6.0,7,17,Jóhann Gudmundsson
3,3,24.0,11,5,3,8.0,0.0,1.0,15.0,19.0,17.0,52.0,52.0,42.0,368,0.0,3.0,2,0,8,0.0,0,0,Josh Brownhill
3,3,20.0,61,23,25,75.0,20.0,2.0,83.0,43.0,59.0,0.0,0.0,0.0,1509,17.0,377.0,7,0,45,1.0,5,12,Dwight McNeil
3,3,28.0,142,37,77,155.0,42.0,1.0,241.0,136.0,214.0,578.0,596.0,572.0,3280,23.0,724.0,15,1,117,13.0,9,12,Robbie Brady
3,3,30.0,222,65,106,137.0,34.0,5.0,336.0,321.0,241.0,1309.0,586.0,616.0,9880,39.0,657.0,38,0,195,2.0,9,25,Ashley Westwood
3,3,20.0,0,0,0,0.0,0.0,0.0,0.0,0.0,0.0,0.0,0.0,0.0,0,0.0,0.0,0,0,0,0.0,0,0,Josh Benson
3,1,28.0,105,35,43,172.0,81.0,36.0,28.0,7.0,62.0,0.0,0.0,0.0,1535,8.0,25.0,4,0,84,117.0,36,4,Chris Wood
3,1,30.0,155,45,71,276.0,104.0,28.0,103.0,33.0,111.0,0.0,0.0,0.0,2475,11.0,62.0,32,2,269,92.0,38,6,Ashley Barnes
3,1,31.0,178,53,71,378.0,140.0,35.0,154.0,82.0,113.0,0.0,0.0,0.0,2835,14.0,134.0,11,0,156,99.0,41,12,Jay Rodriguez
3,1,28.0,57,11,30,37.0,20.0,10.0,10.0,5.0,13.0,0.0,0.0,0.0,359,4.0,11.0,1,0,9,10.0,6,5,Matej Vydra
4,2,25.0,71,39,20,0.0,0.0,0.0,0.0,0.0,0.0,0.0,0.0,0.0,2006,0.0,0.0,2,0,0,0.0,0,0,Kepa Arrizabalaga
4,2,38.0,33,19,5,0.0,0.0,0.0,0.0,0.0,0.0,0.0,0.0,0.0,798,0.0,0.0,0,0,0,0.0,0,0,Willy Caballero
4,0,27.0,80,45,21,0.0,0.0,0.0,93.0,72.0,252.0,522.0,341.0,289.0,5738,5.0,18.0,14,0,73,3.0,5,1,Antonio Rüdiger
4,0,29.0,140,87,32,0.0,0.0,0.0,288.0,215.0,369.0,831.0,800.0,639.0,6434,17.0,428.0,25,1,125,16.0,20,12,Marcos Alonso
4,0,24.0,59,29,18,0.0,0.0,0.0,76.0,74.0,193.0,300.0,254.0,143.0,3213,2.0,0.0,6,1,35,1.0,0,0,Andreas Christensen
4,0,25.0,143,60,49,0.0,0.0,0.0,160.0,225.0,653.0,574.0,681.0,328.0,5767,2.0,20.0,10,1,87,6.0,5,4,Kurt Zouma
4,0,20.0,26,15,8,0.0,0.0,0.0,43.0,26.0,27.0,108.0,137.0,121.0,1104,6.0,120.0,1,0,24,1.0,1,3,Reece James
4,0,31.0,272,158,56,0.0,0.0,0.0,722.0,475.0,788.0,1376.0,1400.0,977.0,15647,32.0,577.0,23,1,240,10.0,8,31,César Azpilicueta
4,0,22.0,17,9,5,0.0,0.0,0.0,32.0,24.0,53.0,102.0,81.0,49.0,1193,0.0,4.0,3,0,8,1.0,1,0,Fikayo Tomori
4,0,26.0,30,11,14,0.0,0.0,0.0,43.0,28.0,31.0,104.0,122.0,74.0,1285,3.0,97.0,3,0,15,2.0,0,1,Emerson
4,0,23.0,99,40,36,0.0,0.0,0.0,157.0,117.0,261.0,529.0,637.0,542.0,4540,12.0,337.0,10,1,81,8.0,4,9,Ben Chilwell
4,0,36.0,0,0,0,0.0,0.0,0.0,0.0,0.0,0.0,0.0,0.0,0.0,0,0.0,0.0,0,0,0,0.0,0,0,Thiago Silva
4,0,20.0,0,0,0,0.0,0.0,0.0,0.0,0.0,0.0,0.0,0.0,0.0,0,0.0,0.0,0,0,0,0.0,0,0,Juan Castillo
4,3,27.0,0,0,0,0.0,0.0,0.0,0.0,0.0,0.0,0.0,0.0,0.0,0,0.0,0.0,0,0,0,0.0,0,0,Hakim Ziyech
4,3,28.0,70,37,18,33.0,13.0,1.0,147.0,130.0,64.0,533.0,256.0,306.0,5482,12.0,12.0,18,0,63,0.0,7,3,Jorginho
4,3,29.0,166,98,35,120.0,29.0,7.0,540.0,420.0,184.0,1320.0,922.0,920.0,8952,15.0,86.0,22,0,218,7.0,10,10,N'Golo Kanté
4,3,26.0,202,91,59,411.0,119.0,25.0,172.0,76.0,108.0,755.0,973.0,1048.0,7686,32.0,322.0,18,0,155,19.0,25,27,Ross Barkley
4,3,24.0,78,35,22,78.0,19.0,6.0,54.0,44.0,41.0,266.0,355.0,337.0,1854,7.0,16.0,1,0,39,6.0,9,6,Ruben Loftus-Cheek
4,3,26.0,64,34,16,49.0,9.0,2.0,108.0,30.0,34.0,300.0,320.0,222.0,3398,4.0,16.0,11,0,40,0.0,1,5,Mateo Kovacic
4,3,21.0,39,20,13,80.0,29.0,9.0,43.0,18.0,19.0,151.0,136.0,211.0,1312,8.0,138.0,3,0,40,4.0,7,5,Mason Mount
4,3,22.0,25,13,9,63.0,26.0,8.0,23.0,6.0,7.0,79.0,128.0,190.0,668,6.0,35.0,0,0,14,3.0,9,4,Christian Pulisic
4,3,19.0,6,5,0,1.0,0.0,0.0,5.0,3.0,2.0,15.0,10.0,16.0,172,0.0,1.0,0,0,3,0.0,0,0,Billy Gilmour
4,3,21.0,2,1,1,0.0,0.0,0.0,3.0,0.0,1.0,10.0,6.0,9.0,41,0.0,1.0,0,0,2,1.0,0,0,Kai Havertz
4,1,24.0,2,1,1,6.0,1.0,0.0,1.0,3.0,2.0,0.0,0.0,0.0,49,0.0,0.0,0,0,3,2.0,0,0,Timo Werner
4,1,22.0,68,25,29,133.0,56.0,26.0,18.0,8.0,39.0,0.0,0.0,0.0,721,6.0,26.0,2,0,35,35.0,20,4,Tammy Abraham
4,1,33.0,238,133,56,548.0,212.0,82.0,145.0,64.0,178.0,0.0,0.0,0.0,4718,40.0,90.0,18,2,223,120.0,86,28,Olivier Giroud
4,1,19.0,35,18,12,29.0,8.0,2.0,18.0,8.0,4.0,0.0,0.0,0.0,641,8.0,87.0,1,0,12,6.0,1,6,Callum Hudson-Odoi
5,2,33.0,181,47,94,0.0,0.0,0.0,0.0,0.0,0.0,0.0,0.0,0.0,4858,0.0,0.0,4,0,1,0.0,0,1,Wayne Hennessey
5,2,33.0,57,23,21,0.0,0.0,0.0,0.0,0.0,0.0,0.0,0.0,0.0,1428,0.0,0.0,3,0,1,0.0,0,0,Vicente Guaita
5,2,32.0,0,0,0,0.0,0.0,0.0,0.0,0.0,0.0,0.0,0.0,0.0,0,0.0,0.0,0,0,0,0.0,0,0,Stephen Henderson
5,0,19.0,0,0,0,0.0,0.0,0.0,0.0,0.0,0.0,0.0,0.0,0.0,0,0.0,0.0,0,0,0,0.0,0,0,Nathan Ferguson
5,0,30.0,201,66,95,0.0,0.0,0.0,483.0,368.0,796.0,1013.0,1218.0,812.0,6449,9.0,407.0,28,0,202,4.0,4,5,Joel Ward
5,0,30.0,191,57,92,0.0,0.0,0.0,350.0,326.0,439.0,1126.0,680.0,566.0,6833,25.0,388.0,19,0,94,27.0,20,14,Patrick van Aanholt
5,0,31.0,263,84,116,0.0,0.0,0.0,447.0,443.0,2029.0,989.0,1442.0,817.0,8210,8.0,51.0,46,2,167,7.0,12,7,James Tomkins
5,0,33.0,227,74,95,0.0,0.0,0.0,291.0,343.0,1536.0,785.0,1016.0,698.0,6399,11.0,24.0,34,0,145,10.0,15,11,Scott Dann
5,0,30.0,125,52,43,0.0,0.0,0.0,144.0,200.0,697.0,847.0,534.0,348.0,5917,2.0,6.0,6,1,39,1.0,3,2,Mamadou Sakho
5,0,34.0,374,166,126,0.0,0.0,0.0,471.0,452.0,2849.0,1441.0,1946.0,1036.0,12718,8.0,23.0,38,3,266,3.0,27,10,Gary Cahill
5,0,30.0,153,55,62,0.0,0.0,0.0,335.0,153.0,641.0,509.0,646.0,518.0,3820,2.0,210.0,14,0,117,1.0,0,5,Martin Kelly
5,0,21.0,6,2,3,0.0,0.0,0.0,15.0,3.0,5.0,17.0,19.0,26.0,132,0.0,5.0,1,0,2,0.0,0,0,Tyrick Mitchell
5,0,26.0,0,0,0,0.0,0.0,0.0,0.0,0.0,0.0,0.0,0.0,0.0,0,0.0,0.0,0,0,0,0.0,0,0,Jaroslaw Jach
5,0,22.0,0,0,0,0.0,0.0,0.0,0.0,0.0,0.0,0.0,0.0,0.0,0,0.0,0.0,0,0,0,0.0,0,0,Sam Woods
5,0,25.0,0,0,0,0.0,0.0,0.0,0.0,0.0,0.0,0.0,0.0,0.0,0,0.0,0.0,0,0,0,0.0,0,0,Ryan Inniss
5,3,29.0,121,41,53,144.0,55.0,4.0,264.0,227.0,202.0,736.0,597.0,597.0,5573,8.0,376.0,34,0,207,2.0,27,4,Luka Milivojevic
5,3,25.0,46,11,24,47.0,10.0,0.0,52.0,22.0,20.0,116.0,111.0,110.0,864,0.0,33.0,4,0,16,3.0,1,2,Max Meyer
5,3,30.0,197,64,76,167.0,54.0,12.0,446.0,310.0,412.0,1035.0,1311.0,1091.0,5799,3.0,104.0,25,1,242,16.0,13,10,Cheikhou Kouyaté
5,3,29.0,211,78,91,335.0,103.0,12.0,353.0,177.0,82.0,913.0,1025.0,1045.0,4717,40.0,923.0,14,0,78,22.0,22,22,Andros Townsend
5,3,27.0,148,56,61,0.0,0.0,0.0,278.0,177.0,217.0,585.0,773.0,757.0,3156,10.0,199.0,15,0,109,3.0,11,8,Jeffrey Schlupp
5,3,32.0,282,93,126,214.0,64.0,12.0,613.0,398.0,312.0,1448.0,1304.0,1452.0,10076,21.0,137.0,45,0,370,13.0,23,18,James McArthur
5,3,29.0,258,87,102,178.0,47.0,8.0,674.0,421.0,366.0,1284.0,1190.0,1014.0,10840,8.0,188.0,48,1,309,2.0,13,12,James McCarthy
5,3,24.0,29,8,13,4.0,0.0,0.0,25.0,29.0,31.0,70.0,45.0,33.0,484,0.0,8.0,0,0,6,0.0,0,0,Jairo Riedewald
5,3,22.0,2,2,0,0.0,0.0,0.0,2.0,0.0,0.0,5.0,4.0,8.0,14,0.0,3.0,0,0,0,0.0,0,0,Eberechi Eze
5,3,20.0,0,0,0,0.0,0.0,0.0,0.0,0.0,0.0,0.0,0.0,0.0,0,0.0,0.0,0,0,0,0.0,0,0,Nya Kirby
5,1,29.0,139,37,71,226.0,78.0,13.0,226.0,76.0,55.0,0.0,0.0,0.0,2968,12.0,147.0,18,2,222,44.0,25,9,Jordan Ayew
5,1,27.0,217,70,94,336.0,119.0,32.0,294.0,123.0,32.0,0.0,0.0,0.0,4555,36.0,537.0,33,1,287,79.0,39,24,Wilfried Zaha
5,1,29.0,225,73,107,544.0,208.0,82.0,80.0,26.0,214.0,0.0,0.0,0.0,5666,31.0,36.0,35,3,357,203.0,72,20,Christian Benteke
5,1,27.0,120,29,59,189.0,59.0,12.0,93.0,53.0,109.0,0.0,0.0,0.0,2003,5.0,112.0,11,0,147,26.0,19,7,Connor Wickham
5,1,18.0,2,0,1,0.0,0.0,0.0,0.0,0.0,1.0,0.0,0.0,0.0,7,0.0,2.0,0,0,0,0.0,0,0,Brandon Pierrick
5,1,26.0,60,37,15,73.0,25.0,9.0,13.0,7.0,6.0,0.0,0.0,0.0,421,0.0,3.0,0,0,24,29.0,13,3,Michy Batshuayi
6,2,26.0,147,48,65,0.0,0.0,0.0,0.0,0.0,0.0,0.0,0.0,0.0,4553,0.0,0.0,3,0,3,0.0,0,0,Jordan Pickford
6,2,20.0,0,0,0,0.0,0.0,0.0,0.0,0.0,0.0,0.0,0.0,0.0,0,0.0,0.0,0,0,0,0.0,0,0,João Virgínia
6,2,31.0,69,12,41,0.0,0.0,0.0,0.0,0.0,0.0,0.0,0.0,0.0,2290,0.0,0.0,2,0,0,0.0,0,2,Jonas Lössl
6,0,23.0,65,28,16,0.0,0.0,0.0,113.0,81.0,274.0,285.0,319.0,227.0,2429,7.0,62.0,11,0,43,3.0,0,4,Mason Holgate
6,0,27.0,153,53,64,0.0,0.0,0.0,157.0,249.0,978.0,656.0,899.0,574.0,6162,7.0,11.0,13,0,82,5.0,6,5,Michael Keane
6,0,27.0,72,28,27,0.0,0.0,0.0,150.0,104.0,195.0,369.0,452.0,314.0,2961,21.0,570.0,11,1,83,5.0,4,12,Lucas Digne
6,0,26.0,44,17,16,0.0,0.0,0.0,54.0,41.0,156.0,181.0,229.0,142.0,2052,2.0,4.0,6,0,33,3.0,3,1,Yerry Mina
6,0,31.0,276,114,79,0.0,0.0,0.0,480.0,296.0,542.0,1272.0,1308.0,1157.0,8930,36.0,742.0,29,2,194,29.0,20,21,Séamus Coleman
6,0,18.0,4,1,2,0.0,0.0,0.0,8.0,2.0,11.0,18.0,20.0,21.0,223,0.0,0.0,0,0,4,0.0,0,0,Jarrad Branthwaite
6,0,23.0,31,11,15,0.0,0.0,0.0,64.0,46.0,107.0,138.0,142.0,122.0,1045,3.0,67.0,3,0,28,0.0,0,2,Jonjoe Kenny
6,0,19.0,0,0,0,0.0,0.0,0.0,0.0,0.0,0.0,0.0,0.0,0.0,0,0.0,0.0,0,0,0,0.0,0,0,Niels Nkounkou
6,3,30.0,185,76,73,144.0,36.0,3.0,395.0,283.0,213.0,1011.0,987.0,706.0,8857,7.0,195.0,29,3,140,1.0,7,8,Fabian Delph
6,3,31.0,284,114,110,603.0,221.0,31.0,348.0,283.0,163.0,1015.0,863.0,1223.0,7752,68.0,1363.0,20,0,193,16.0,61,45,Gylfi Sigurdsson
6,3,27.0,48,18,19,27.0,5.0,1.0,64.0,27.0,25.0,308.0,229.0,338.0,2169,2.0,28.0,13,0,89,0.0,1,2,André Gomes
6,3,24.0,2,1,0,0.0,0.0,0.0,4.0,1.0,4.0,8.0,11.0,10.0,70,0.0,0.0,0,0,2,0.0,0,0,Jean-Philippe Gbamin
6,3,22.0,106,46,34,60.0,15.0,4.0,132.0,100.0,63.0,415.0,417.0,486.0,2909,5.0,43.0,22,0,116,9.0,5,4,Tom Davies
6,3,22.0,8,2,2,0.0,0.0,0.0,6.0,2.0,1.0,9.0,9.0,14.0,82,0.0,0.0,1,0,4,0.0,0,0,Beni Baningime
6,3,29.0,2,2,0,1.0,1.0,0.0,9.0,3.0,3.0,18.0,16.0,13.0,140,0.0,2.0,0,0,4,0.0,0,0,Allan
6,3,29.0,2,2,0,4.0,1.0,0.0,3.0,3.0,0.0,9.0,12.0,10.0,109,2.0,7.0,0,0,1,0.0,1,1,James Rodríguez
6,3,27.0,131,40,65,182.0,54.0,11.0,235.0,143.0,163.0,1019.0,576.0,658.0,6811,15.0,71.0,31,0,145,10.0,17,11,Abdoulaye Doucouré
6,3,28.0,46,14,17,26.0,7.0,0.0,93.0,34.0,56.0,154.0,186.0,165.0,1339,2.0,18.0,11,0,42,0.0,0,0,Muhamed Besic
6,1,25.0,8,2,4,9.0,1.0,0.0,2.0,1.0,0.0,0.0,0.0,0.0,82,0.0,6.0,0,0,1,1.0,0,0,Sandro Ramírez
6,1,31.0,119,38,51,219.0,72.0,8.0,151.0,48.0,107.0,0.0,0.0,0.0,2124,25.0,595.0,9,1,140,46.0,11,17,Yannick Bolasie
6,1,23.0,111,41,47,280.0,85.0,28.0,190.0,53.0,109.0,0.0,0.0,0.0,2452,22.0,158.0,17,1,114,56.0,31,10,Richarlison
6,1,23.0,116,43,46,195.0,77.0,31.0,42.0,29.0,85.0,0.0,0.0,0.0,1588,9.0,47.0,17,0,138,36.0,28,9,Dominic Calvert-Lewin
6,1,31.0,346,176,93,616.0,267.0,79.0,214.0,149.0,81.0,0.0,0.0,0.0,5491,61.0,952.0,10,0,101,163.0,75,51,Theo Walcott
6,1,29.0,49,14,19,71.0,30.0,6.0,23.0,6.0,16.0,0.0,0.0,0.0,619,4.0,15.0,3,0,50,19.0,10,3,Cenk Tosun
6,1,24.0,126,59,41,157.0,65.0,10.0,99.0,44.0,33.0,0.0,0.0,0.0,3921,23.0,151.0,2,0,42,6.0,12,16,Alex Iwobi
6,1,28.0,61,23,23,35.0,10.0,5.0,81.0,43.0,19.0,0.0,0.0,0.0,1346,7.0,87.0,7,0,36,2.0,4,5,Bernard
6,1,20.0,31,9,13,31.0,13.0,4.0,6.0,5.0,1.0,0.0,0.0,0.0,131,5.0,14.0,1,0,28,4.0,2,2,Moise Kean
6,1,19.0,11,3,4,6.0,1.0,0.0,11.0,8.0,1.0,0.0,0.0,0.0,113,0.0,7.0,0,0,10,1.0,0,1,Anthony Gordon
7,2,23.0,1,0,1,0.0,0.0,0.0,0.0,0.0,0.0,0.0,0.0,0.0,25,0.0,0.0,0,0,0,0.0,0,0,Marek Rodák
7,2,32.0,2,0,2,0.0,0.0,0.0,0.0,0.0,0.0,0.0,0.0,0.0,47,0.0,0.0,0,0,0,0.0,0,0,Fabri
7,2,27.0,1,0,1,0.0,0.0,0.0,0.0,0.0,0.0,0.0,0.0,0.0,29,0.0,0.0,0,0,0,0.0,0,0,Alphonse Areola
7,0,28.0,2,0,2,0.0,0.0,0.0,3.0,0.0,4.0,13.0,10.0,7.0,127,0.0,0.0,1,0,3,0.0,0,0,Michael Hector
7,0,32.0,33,7,21,0.0,0.0,0.0,49.0,45.0,147.0,200.0,156.0,120.0,1434,1.0,16.0,4,0,39,1.0,0,1,Denis Odoi
7,0,32.0,40,9,24,0.0,0.0,0.0,42.0,65.0,197.0,178.0,126.0,114.0,1517,1.0,3.0,2,0,16,0.0,0,1,Tim Ream
7,0,30.0,26,7,17,0.0,0.0,0.0,56.0,54.0,122.0,164.0,129.0,106.0,1386,1.0,17.0,5,0,28,3.0,0,1,Maxime Le Marchand
7,0,27.0,30,6,21,0.0,0.0,0.0,66.0,37.0,74.0,135.0,147.0,115.0,1036,8.0,121.0,5,0,27,2.0,0,1,Joe Bryan
7,0,23.0,0,0,0,0.0,0.0,0.0,0.0,0.0,0.0,0.0,0.0,0.0,0,0.0,0.0,0,0,0,0.0,0,0,Antonee Robinson
7,0,24.0,1,0,1,0.0,0.0,0.0,3.0,4.0,3.0,4.0,6.0,5.0,27,1.0,6.0,1,0,3,0.0,0,1,Kenny Tete
7,0,23.0,3,3,0,0.0,0.0,0.0,0.0,0.0,1.0,2.0,1.0,0.0,16,0.0,0.0,0,0,0,0.0,0,0,Ola Aina
7,3,29.0,32,6,21,19.0,6.0,1.0,41.0,32.0,14.0,158.0,93.0,112.0,1592,7.0,108.0,6,0,32,1.0,1,2,Jean Michael Seri
7,3,31.0,41,3,29,19.0,3.0,0.0,60.0,43.0,37.0,131.0,117.0,116.0,1285,0.0,19.0,9,1,33,2.0,1,1,Kevin McDonald
7,3,28.0,9,0,9,0.0,0.0,0.0,3.0,0.0,3.0,13.0,16.0,14.0,57,0.0,7.0,0,0,3,1.0,0,0,Neeskens Kebano
7,3,29.0,12,1,9,1.0,0.0,0.0,10.0,3.0,5.0,35.0,17.0,18.0,250,0.0,9.0,4,0,6,0.0,0,0,Stefan Johansen
7,3,29.0,43,7,28,33.0,7.0,0.0,57.0,32.0,22.0,219.0,187.0,146.0,1882,4.0,57.0,2,0,22,0.0,2,1,Tom Cairney
7,3,23.0,15,8,4,4.0,2.0,0.0,10.0,1.0,2.0,8.0,17.0,17.0,109,0.0,5.0,0,0,4,1.0,0,0,Josh Onomah
7,3,24.0,24,4,18,22.0,5.0,0.0,54.0,37.0,30.0,135.0,148.0,151.0,1113,1.0,3.0,1,1,26,2.0,0,1,André-Frank Zambo Anguissa
7,3,27.0,47,8,22,48.0,10.0,0.0,105.0,80.0,63.0,260.0,278.0,207.0,1787,3.0,19.0,7,0,60,3.0,2,2,Mario Lemina
7,3,25.0,19,9,5,6.0,3.0,0.0,36.0,26.0,14.0,45.0,60.0,64.0,419,0.0,4.0,0,0,8,0.0,0,0,Harrison Reed
7,3,20.0,0,0,0,0.0,0.0,0.0,0.0,0.0,0.0,0.0,0.0,0.0,0,0.0,0.0,0,0,0,0.0,0,0,Tyrese Francois
7,1,26.0,79,17,46,221.0,85.0,24.0,44.0,13.0,88.0,0.0,0.0,0.0,1841,6.0,14.0,12,2,117,51.0,23,7,Aleksandar Mitrovic
7,1,27.0,29,7,19,29.0,10.0,1.0,17.0,3.0,12.0,0.0,0.0,0.0,324,1.0,7.0,0,0,6,11.0,6,2,Bobby De Cordova-Reid
7,1,26.0,25,10,11,13.0,4.0,1.0,6.0,7.0,5.0,0.0,0.0,0.0,357,2.0,59.0,1,0,15,6.0,3,1,Ivan Cavaleiro
7,1,25.0,15,2,10,22.0,10.0,4.0,8.0,1.0,5.0,0.0,0.0,0.0,262,1.0,20.0,2,0,26,7.0,3,0,Aboubakar Kamara
8,2,33.0,0,0,0,0.0,0.0,0.0,0.0,0.0,0.0,0.0,0.0,0.0,0,0.0,0.0,0,0,0,0.0,0,0,Kiko Casilla
8,2,19.0,0,0,0,0.0,0.0,0.0,0.0,0.0,0.0,0.0,0.0,0.0,0,0.0,0.0,0,0,0,0.0,0,0,Elia Caprile
8,0,29.0,2,1,1,0.0,0.0,0.0,10.0,0.0,4.0,9.0,17.0,10.0,108,0.0,3.0,0,0,1,0.0,0,0,Luke Ayling
8,0,31.0,0,0,0,0.0,0.0,0.0,0.0,0.0,0.0,0.0,0.0,0.0,0,0.0,0.0,0,0,0,0.0,0,0,Barry Douglas
8,0,29.0,3,1,2,0.0,0.0,0.0,3.0,6.0,23.0,9.0,14.0,6.0,70,0.0,0.0,0,0,1,0.0,0,0,Liam Cooper
8,0,21.0,1,0,1,0.0,0.0,0.0,4.0,3.0,11.0,4.0,5.0,0.0,59,0.0,0.0,0,0,0,0.0,0,0,Pascal Struijk
8,0,20.0,0,0,0,0.0,0.0,0.0,0.0,0.0,0.0,0.0,0.0,0.0,0,0.0,0.0,0,0,0,0.0,0,0,Leif Davis
8,0,24.0,2,1,1,0.0,0.0,0.0,5.0,2.0,5.0,10.0,17.0,12.0,107,0.0,0.0,0,0,3,0.0,0,0,Robin Koch
8,0,19.0,0,0,0,0.0,0.0,0.0,0.0,0.0,0.0,0.0,0.0,0.0,0,0.0,0.0,0,0,0,0.0,0,0,Oliver Casey
8,0,17.0,0,0,0,0.0,0.0,0.0,0.0,0.0,0.0,0.0,0.0,0.0,0,0.0,0.0,0,0,0,0.0,0,0,Charlie Cresswell
8,0,20.0,0,0,0,0.0,0.0,0.0,0.0,0.0,0.0,0.0,0.0,0.0,0,0.0,0.0,0,0,0,0.0,0,0,Robbie Gotts
8,3,28.0,35,6,16,28.0,6.0,2.0,62.0,36.0,23.0,176.0,133.0,169.0,1355,3.0,51.0,4,0,33,1.0,0,1,Adam Forshaw
8,3,0.0,1,1,0,1.0,1.0,0.0,1.0,1.0,0.0,2.0,2.0,4.0,11,0.0,1.0,0,0,1,0.0,0,0,Ezgjan Alioski
8,3,29.0,2,1,1,0.0,0.0,0.0,12.0,4.0,7.0,18.0,19.0,5.0,101,0.0,1.0,0,0,0,0.0,0,0,Stuart Dallas
8,3,35.0,58,15,26,78.0,21.0,2.0,56.0,54.0,26.0,203.0,159.0,254.0,2341,12.0,183.0,5,0,29,10.0,5,13,Pablo Hernández
8,3,24.0,2,1,1,1.0,0.0,0.0,8.0,4.0,6.0,15.0,12.0,7.0,92,0.0,10.0,0,0,0,0.0,0,1,Kalvin Phillips
8,3,30.0,2,1,1,2.0,2.0,0.0,6.0,4.0,2.0,16.0,11.0,18.0,92,0.0,3.0,1,0,5,1.0,2,1,Mateusz Klich
8,3,20.0,1,0,1,0.0,0.0,0.0,1.0,0.0,0.0,1.0,2.0,0.0,3,0.0,0.0,0,0,0,0.0,0,0,Jamie Shackleton
8,3,23.0,2,1,1,3.0,1.0,0.0,3.0,2.0,0.0,7.0,11.0,15.0,47,0.0,4.0,0,0,1,3.0,1,0,Jack Harrison
8,3,20.0,0,0,0,0.0,0.0,0.0,0.0,0.0,0.0,0.0,0.0,0.0,0,0.0,0.0,0,0,0,0.0,0,0,Alfie McCalmont
8,3,19.0,0,0,0,0.0,0.0,0.0,0.0,0.0,0.0,0.0,0.0,0.0,0,0.0,0.0,0,0,0,0.0,0,0,Mateusz Bogusz
8,1,20.0,0,0,0,0.0,0.0,0.0,0.0,0.0,0.0,0.0,0.0,0.0,0,0.0,0.0,0,0,0,0.0,0,0,Ian Poveda-Ocampo
8,1,27.0,29,4,20,20.0,9.0,2.0,14.0,6.0,9.0,0.0,0.0,0.0,193,0.0,8.0,1,0,23,7.0,3,1,Patrick Bamford
8,1,21.0,3,1,1,2.0,1.0,0.0,1.0,0.0,0.0,0.0,0.0,0.0,33,0.0,2.0,1,0,3,0.0,0,0,Tyler Roberts
8,1,18.0,0,0,0,0.0,0.0,0.0,0.0,0.0,0.0,0.0,0.0,0.0,0,0.0,0.0,0,0,0,0.0,0,0,Joe Gelhardt
8,1,29.0,19,4,12,20.0,5.0,0.0,15.0,12.0,5.0,0.0,0.0,0.0,190,5.0,26.0,0,0,9,2.0,1,1,Rodrigo Moreno
9,2,33.0,211,91,69,0.0,0.0,0.0,0.0,0.0,0.0,0.0,0.0,0.0,6198,0.0,0.0,11,0,0,0.0,0,0,Kasper Schmeichel
9,2,27.0,2,1,1,0.0,0.0,0.0,0.0,0.0,0.0,0.0,0.0,0.0,49,0.0,0.0,0,0,0,0.0,0,0,Danny Ward
9,2,35.0,28,9,13,0.0,0.0,0.0,0.0,0.0,0.0,0.0,0.0,0.0,769,0.0,0.0,0,0,0,0.0,0,0,Eldin Jakupovic
9,0,22.0,15,8,4,0.0,0.0,0.0,39.0,15.0,28.0,75.0,96.0,90.0,792,1.0,46.0,2,0,11,1.0,1,1,James Justin
9,0,24.0,42,20,11,0.0,0.0,0.0,69.0,52.0,180.0,222.0,237.0,140.0,2696,1.0,6.0,5,1,39,1.0,1,1,Çaglar Söyüncü
9,0,36.0,168,70,60,0.0,0.0,0.0,200.0,313.0,879.0,585.0,797.0,493.0,4435,1.0,6.0,12,3,129,5.0,8,2,Wes Morgan
9,0,32.0,297,145,86,0.0,0.0,0.0,457.0,585.0,1843.0,1587.0,1417.0,825.0,13240,5.0,59.0,44,3,239,3.0,11,9,Jonny Evans
9,0,23.0,0,0,0,0.0,0.0,0.0,0.0,0.0,0.0,0.0,0.0,0.0,0,0.0,0.0,0,0,0,0.0,0,0,Filip Benkovic
9,0,25.0,46,17,19,0.0,0.0,0.0,68.0,50.0,76.0,248.0,153.0,156.0,1469,0.0,6.0,5,1,41,1.0,1,1,Daniel Amartey
9,0,26.0,63,29,24,0.0,0.0,0.0,237.0,109.0,180.0,387.0,557.0,459.0,3104,15.0,164.0,8,0,86,2.0,5,8,Ricardo Pereira
9,0,34.0,107,48,32,0.0,0.0,0.0,255.0,248.0,365.0,615.0,513.0,423.0,4051,11.0,325.0,15,0,79,2.0,2,9,Christian Fuchs
9,0,19.0,3,1,2,0.0,0.0,0.0,1.0,3.0,7.0,12.0,12.0,15.0,153,0.0,16.0,0,0,1,0.0,0,1,Luke Thomas
9,0,24.0,2,2,0,0.0,0.0,0.0,4.0,3.0,3.0,8.0,11.0,6.0,128,0.0,6.0,0,0,1,0.0,1,1,Timothy Castagne
9,3,24.0,132,53,50,138.0,47.0,9.0,76.0,39.0,39.0,312.0,311.0,401.0,1920,13.0,263.0,7,0,36,12.0,10,9,Demarai Gray
9,3,23.0,52,25,17,89.0,27.0,1.0,71.0,32.0,23.0,279.0,218.0,216.0,2594,14.0,114.0,4,0,43,1.0,6,10,Youri Tielemans
9,3,23.0,69,31,25,157.0,46.0,11.0,107.0,21.0,10.0,291.0,394.0,328.0,2913,21.0,429.0,7,1,62,6.0,13,10,James Maddison
9,3,30.0,258,91,94,220.0,70.0,13.0,425.0,261.0,169.0,1232.0,962.0,1124.0,5597,60.0,1593.0,32,1,167,17.0,17,37,Marc Albrighton
9,3,22.0,57,26,21,112.0,43.0,12.0,28.0,11.0,9.0,138.0,180.0,192.0,1083,9.0,67.0,0,0,30,6.0,8,11,Harvey Barnes
9,3,22.0,37,16,13,13.0,4.0,1.0,50.0,47.0,28.0,106.0,86.0,96.0,900,2.0,8.0,3,1,24,0.0,1,2,Hamza Choudhury
9,3,29.0,42,12,21,38.0,8.0,4.0,61.0,67.0,62.0,197.0,172.0,146.0,1260,3.0,110.0,4,1,34,0.0,0,1,Matty James
9,3,31.0,14,4,7,11.0,2.0,0.0,24.0,15.0,1.0,63.0,52.0,75.0,512,1.0,4.0,3,0,9,0.0,0,1,Adrien Silva
9,3,23.0,122,52,44,153.0,24.0,4.0,482.0,253.0,297.0,1022.0,1066.0,866.0,6181,3.0,27.0,20,2,189,5.0,6,5,Wilfred Ndidi
9,3,26.0,29,13,11,21.0,5.0,0.0,37.0,20.0,12.0,85.0,72.0,89.0,604,4.0,25.0,2,0,20,1.0,2,3,Dennis Praet
9,3,28.0,19,5,12,19.0,5.0,1.0,14.0,7.0,3.0,0.0,0.0,0.0,422,3.0,45.0,3,0,13,0.0,1,0,Rachid Ghezzal
9,3,28.0,44,20,16,3.0,1.0,0.0,45.0,37.0,30.0,198.0,141.0,113.0,1559,0.0,6.0,7,0,34,0.0,0,0,Nampalys Mendy
9,3,23.0,0,0,0,0.0,0.0,0.0,0.0,0.0,0.0,0.0,0.0,0.0,0,0.0,0.0,0,0,0,0.0,0,0,Cengiz Ünder
9,1,33.0,213,86,77,458.0,223.0,78.0,124.0,59.0,90.0,0.0,0.0,0.0,2961,50.0,256.0,20,3,179,195.0,105,29,Jamie Vardy
9,1,32.0,39,14,18,42.0,17.0,9.0,14.0,4.0,6.0,0.0,0.0,0.0,580,2.0,10.0,2,0,30,15.0,8,5,Islam Slimani
9,1,23.0,117,42,45,133.0,56.0,17.0,38.0,11.0,21.0,0.0,0.0,0.0,1327,15.0,27.0,6,0,80,30.0,21,13,Kelechi Iheanacho
9,1,27.0,178,58,79,275.0,114.0,22.0,240.0,137.0,96.0,0.0,0.0,0.0,3435,26.0,197.0,9,0,182,46.0,41,13,Ayoze Pérez
9,1,24.0,15,3,7,6.0,2.0,1.0,11.0,8.0,7.0,35.0,57.0,53.0,241,0.0,12.0,1,0,1,2.0,0,1,Fousseni Diabaté
10,2,27.0,29,17,4,0.0,0.0,0.0,0.0,0.0,0.0,0.0,0.0,0.0,789,0.0,0.0,1,0,2,0.0,0,0,Loris Karius
10,2,27.0,69,55,4,0.0,0.0,0.0,0.0,0.0,0.0,0.0,0.0,0.0,1924,0.0,0.0,1,1,1,0.0,0,1,Alisson
10,2,33.0,136,56,44,0.0,0.0,0.0,0.0,0.0,0.0,0.0,0.0,0.0,3401,0.0,0.0,10,2,5,0.0,0,0,Adrián
10,2,21.0,0,0,0,0.0,0.0,0.0,0.0,0.0,0.0,0.0,0.0,0.0,0,0.0,0.0,0,0,0,0.0,0,0,Caoimhin Kelleher
10,2,21.0,0,0,0,0.0,0.0,0.0,0.0,0.0,0.0,0.0,0.0,0.0,0,0.0,0.0,0,0,0,0.0,0,0,Kamil Grabara
10,0,29.0,159,98,30,0.0,0.0,0.0,184.0,278.0,924.0,837.0,1083.0,397.0,10554,13.0,3.0,8,1,88,4.0,14,3,Virgil van Dijk
10,0,23.0,73,52,6,0.0,0.0,0.0,111.0,100.0,166.0,406.0,322.0,245.0,4387,2.0,68.0,15,0,58,1.0,0,3,Joseph Gomez
10,0,26.0,153,86,36,0.0,0.0,0.0,270.0,191.0,282.0,880.0,522.0,466.0,8312,40.0,655.0,20,0,80,11.0,4,33,Andrew Robertson
10,0,29.0,86,58,7,0.0,0.0,0.0,134.0,125.0,362.0,419.0,428.0,201.0,5249,2.0,6.0,9,0,52,1.0,4,0,Joel Matip
10,0,21.0,95,74,8,0.0,0.0,0.0,158.0,114.0,184.0,546.0,264.0,319.0,5323,32.0,708.0,11,0,50,10.0,6,26,Trent Alexander-Arnold
10,0,19.0,6,4,1,0.0,0.0,0.0,5.0,9.0,3.0,16.0,19.0,15.0,167,0.0,14.0,1,0,5,0.0,0,0,Neco Williams
10,0,24.0,0,0,0,0.0,0.0,0.0,0.0,0.0,0.0,0.0,0.0,0.0,0,0.0,0.0,0,0,0,0.0,0,0,Konstantinos Tsimikas
10,0,23.0,0,0,0,0.0,0.0,0.0,0.0,0.0,0.0,0.0,0.0,0.0,0,0.0,0.0,0,0,0,0.0,0,0,Nathaniel Phillips
10,0,18.0,0,0,0,0.0,0.0,0.0,0.0,0.0,0.0,0.0,0.0,0.0,0,0.0,0.0,0,0,0,0.0,0,0,Sepp van den Berg
10,3,26.0,58,46,4,29.0,8.0,1.0,126.0,67.0,43.0,292.0,293.0,242.0,3291,4.0,19.0,12,0,63,0.0,3,5,Fabinho
10,3,29.0,181,111,32,224.0,86.0,16.0,200.0,117.0,124.0,989.0,696.0,725.0,7603,15.0,67.0,7,0,84,15.0,25,16,Georginio Wijnaldum
10,3,34.0,539,272,133,496.0,151.0,14.0,803.0,437.0,423.0,1751.0,1843.0,2223.0,16171,46.0,2247.0,65,3,438,45.0,55,84,James Milner
10,3,25.0,45,36,2,40.0,17.0,4.0,69.0,25.0,17.0,202.0,164.0,174.0,1760,6.0,12.0,1,0,35,1.0,4,4,Naby Keita
10,3,30.0,342,185,79,344.0,99.0,16.0,673.0,437.0,336.0,1878.0,1182.0,1223.0,17932,49.0,792.0,34,2,299,29.0,30,46,Jordan Henderson
10,3,27.0,196,114,41,237.0,65.0,11.0,188.0,133.0,75.0,566.0,707.0,704.0,4570,27.0,421.0,10,0,104,13.0,16,22,Alex Oxlade-Chamberlain
10,3,24.0,8,4,3,4.0,2.0,0.0,3.0,0.0,0.0,3.0,12.0,7.0,47,0.0,0.0,1,0,2,0.0,0,0,Marko Grujic
10,3,19.0,7,6,0,6.0,2.0,0.0,4.0,2.0,0.0,17.0,9.0,18.0,143,0.0,0.0,0,0,4,0.0,1,0,Curtis Jones
10,3,23.0,31,7,19,56.0,20.0,2.0,23.0,11.0,11.0,85.0,87.0,92.0,575,4.0,35.0,2,0,12,1.0,7,0,Harry Wilson
10,3,17.0,4,2,2,1.0,1.0,0.0,0.0,0.0,0.0,4.0,1.0,1.0,22,0.0,3.0,0,0,0,0.0,0,0,Harvey Elliott
10,3,28.0,115,49,37,187.0,64.0,10.0,70.0,43.0,15.0,446.0,330.0,467.0,3039,32.0,555.0,12,0,79,30.0,22,18,Xherdan Shaqiri
10,3,29.0,1,1,0,1.0,0.0,0.0,1.0,1.0,0.0,3.0,2.0,7.0,82,0.0,1.0,0,0,3,0.0,0,0,Thiago
10,1,28.0,177,115,23,424.0,182.0,51.0,259.0,73.0,61.0,0.0,0.0,0.0,6222,50.0,159.0,8,0,206,60.0,57,36,Roberto Firmino
10,1,28.0,196,121,35,445.0,190.0,65.0,226.0,97.0,53.0,0.0,0.0,0.0,6136,43.0,278.0,21,3,215,117.0,86,29,Sadio Mané
10,1,28.0,123,90,12,449.0,201.0,58.0,58.0,25.0,11.0,0.0,0.0,0.0,3357,41.0,200.0,4,0,63,65.0,78,29,Mohamed Salah
10,1,25.0,11,7,3,8.0,2.0,1.0,3.0,0.0,3.0,0.0,0.0,0.0,107,0.0,2.0,0,0,7,0.0,0,0,Takumi Minamino
10,1,20.0,0,0,0,0.0,0.0,0.0,0.0,0.0,0.0,0.0,0.0,0.0,0,0.0,0.0,0,0,0,0.0,0,0,Rhian Brewster
10,1,25.0,91,57,14,89.0,39.0,8.0,34.0,7.0,9.0,0.0,0.0,0.0,861,3.0,68.0,1,0,47,26.0,19,6,Divock Origi
10,1,20.0,6,5,1,2.0,0.0,0.0,4.0,0.0,0.0,6.0,7.0,12.0,40,0.0,5.0,0,0,2,0.0,0,0,Ben Woodburn
10,1,23.0,67,27,19,127.0,50.0,20.0,56.0,22.0,20.0,0.0,0.0,0.0,1585,13.0,74.0,15,0,84,9.0,16,6,Diogo Jota
11,2,27.0,110,87,14,0.0,0.0,0.0,0.0,0.0,0.0,0.0,0.0,0.0,2781,0.0,0.0,6,1,4,0.0,0,1,Ederson
11,2,35.0,145,44,66,0.0,0.0,0.0,0.0,0.0,0.0,0.0,0.0,0.0,2722,0.0,0.0,6,1,4,0.0,0,2,Scott Carson
11,2,25.0,0,0,0,0.0,0.0,0.0,0.0,0.0,0.0,0.0,0.0,0.0,0,0.0,0.0,0,0,0,0.0,0,0,Zack Steffen
11,0,25.0,147,52,67,0.0,0.0,0.0,255.0,206.0,757.0,634.0,661.0,443.0,5634,9.0,61.0,15,1,97,7.0,12,6,Nathan Aké
11,0,30.0,293,183,50,0.0,0.0,0.0,600.0,498.0,820.0,1592.0,1510.0,1104.0,15694,25.0,748.0,45,1,239,22.0,7,29,Kyle Walker
11,0,26.0,163,90,39,0.0,0.0,0.0,180.0,191.0,601.0,717.0,664.0,316.0,8950,5.0,18.0,7,0,45,3.0,1,0,John Stones
11,0,23.0,41,34,6,28.0,6.0,0.0,88.0,43.0,42.0,188.0,173.0,161.0,3066,5.0,101.0,2,1,35,4.0,0,3,Oleksandr Zinchenko
11,0,26.0,59,50,6,0.0,0.0,0.0,63.0,70.0,147.0,342.0,226.0,144.0,4957,1.0,8.0,5,0,40,2.0,4,3,Aymeric Laporte
11,0,26.0,37,29,3,0.0,0.0,0.0,40.0,35.0,43.0,175.0,104.0,164.0,1999,7.0,176.0,7,0,32,1.0,0,8,Benjamin Mendy
11,0,26.0,17,12,4,0.0,0.0,0.0,40.0,21.0,16.0,99.0,104.0,79.0,1010,6.0,47.0,4,0,17,0.0,0,0,João Cancelo
11,0,32.0,136,94,22,0.0,0.0,0.0,269.0,286.0,649.0,707.0,766.0,476.0,9366,3.0,7.0,31,0,118,1.0,8,1,Nicolás Otamendi
11,0,19.0,13,11,2,0.0,0.0,0.0,6.0,18.0,31.0,38.0,25.0,34.0,728,0.0,1.0,1,0,9,0.0,0,0,Eric García
11,3,23.0,6,0,6,0.0,0.0,0.0,1.0,0.0,0.0,2.0,10.0,3.0,30,0.0,0.0,1,0,2,0.0,0,0,Patrick Roberts
11,3,29.0,102,75,17,127.0,34.0,7.0,83.0,84.0,45.0,462.0,262.0,273.0,5854,12.0,143.0,13,0,45,2.0,15,6,Ilkay Gündogan
11,3,24.0,36,25,8,25.0,9.0,0.0,53.0,27.0,32.0,235.0,177.0,147.0,2673,3.0,8.0,9,0,45,0.0,3,2,Rodrigo
11,3,29.0,156,109,22,367.0,133.0,13.0,214.0,88.0,59.0,758.0,633.0,768.0,8407,97.0,1109.0,14,0,122,16.0,37,67,Kevin De Bruyne
11,3,26.0,105,81,15,139.0,51.0,17.0,115.0,59.0,46.0,366.0,334.0,378.0,4015,21.0,192.0,8,0,63,4.0,19,18,Bernardo Silva
11,3,35.0,225,156,36,217.0,63.0,11.0,549.0,353.0,415.0,1300.0,1338.0,1193.0,14806,24.0,69.0,46,4,324,4.0,18,16,Fernandinho
11,3,20.0,42,38,3,50.0,22.0,3.0,25.0,10.0,4.0,52.0,99.0,96.0,819,3.0,38.0,0,0,17,1.0,7,3,Phil Foden
11,3,18.0,1,1,0,1.0,1.0,0.0,0.0,0.0,0.0,1.0,1.0,1.0,20,0.0,0.0,0,0,0,0.0,0,0,Tommy Doyle
11,3,19.0,0,0,0,0.0,0.0,0.0,0.0,0.0,0.0,0.0,0.0,0.0,0,0.0,0.0,0,0,0,0.0,0,0,Adrián Bernabé
11,1,20.0,1,1,0,0.0,0.0,0.0,0.0,0.0,0.0,0.0,0.0,0.0,1,0.0,0.0,0,0,0,0.0,0,0,Ferran Torres
11,1,25.0,260,161,55,545.0,222.0,72.0,256.0,125.0,52.0,0.0,0.0,0.0,8317,61.0,514.0,28,1,297,95.0,86,45,Raheem Sterling
11,1,23.0,103,80,12,227.0,122.0,58.0,56.0,25.0,17.0,0.0,0.0,0.0,1830,16.0,14.0,13,0,79,59.0,42,17,Gabriel Jesus
11,1,32.0,263,177,44,996.0,411.0,126.0,150.0,73.0,14.0,0.0,0.0,0.0,6134,59.0,176.0,23,1,167,194.0,180,46,Sergio Agüero
11,1,29.0,199,98,58,426.0,185.0,28.0,211.0,141.0,50.0,0.0,0.0,0.0,6019,80.0,741.0,7,0,117,45.0,57,40,Riyad Mahrez
11,1,17.0,0,0,0,0.0,0.0,0.0,0.0,0.0,0.0,0.0,0.0,0.0,0,0.0,0.0,0,0,0,0.0,0,0,Liam Delap
12,2,29.0,314,174,66,0.0,0.0,0.0,0.0,0.0,0.0,0.0,0.0,0.0,7009,0.0,0.0,6,0,1,0.0,0,0,David de Gea
12,2,37.0,31,10,12,0.0,0.0,0.0,0.0,0.0,0.0,0.0,0.0,0.0,959,0.0,0.0,1,0,0,0.0,0,0,Lee Grant
12,2,33.0,7,4,1,0.0,0.0,0.0,0.0,0.0,0.0,0.0,0.0,0.0,181,0.0,0.0,0,0,0,0.0,0,0,Sergio Romero
12,2,23.0,36,14,11,0.0,0.0,0.0,0.0,0.0,0.0,0.0,0.0,0.0,934,0.0,0.0,2,0,0,0.0,0,0,Dean Henderson
12,0,26.0,83,41,19,0.0,0.0,0.0,86.0,63.0,311.0,461.0,319.0,191.0,4419,5.0,4.0,8,0,53,0.0,2,1,Victor Lindelöf
12,0,26.0,54,35,7,0.0,0.0,0.0,92.0,102.0,226.0,281.0,229.0,123.0,1682,0.0,2.0,6,1,45,0.0,1,0,Eric Bailly
12,0,28.0,200,104,44,0.0,0.0,0.0,394.0,404.0,1073.0,872.0,1051.0,608.0,7835,11.0,137.0,27,0,155,3.0,2,6,Phil Jones
12,0,27.0,140,50,58,0.0,0.0,0.0,191.0,233.0,639.0,871.0,895.0,433.0,7325,9.0,34.0,26,1,117,17.0,8,7,Harry Maguire
12,0,30.0,219,122,56,0.0,0.0,0.0,283.0,360.0,1287.0,897.0,1082.0,629.0,8092,3.0,63.0,18,1,192,14.0,12,2,Chris Smalling
12,0,30.0,76,45,10,0.0,0.0,0.0,140.0,130.0,383.0,358.0,351.0,264.0,3503,1.0,83.0,23,0,81,2.0,1,1,Marcos Rojo
12,0,21.0,20,9,7,0.0,0.0,0.0,27.0,12.0,31.0,58.0,65.0,37.0,474,5.0,53.0,3,0,13,2.0,0,2,Diogo Dalot
12,0,25.0,157,68,39,0.0,0.0,0.0,275.0,167.0,464.0,681.0,821.0,630.0,6663,14.0,425.0,29,1,138,7.0,1,7,Luke Shaw
12,0,22.0,49,17,23,0.0,0.0,0.0,80.0,65.0,110.0,175.0,151.0,135.0,1316,2.0,40.0,8,0,36,2.0,0,1,Timothy Fosu-Mensah
12,0,22.0,77,32,26,0.0,0.0,0.0,287.0,165.0,221.0,423.0,529.0,300.0,3019,8.0,179.0,13,1,46,3.0,0,7,Aaron Wan-Bissaka
12,0,22.0,10,4,3,0.0,0.0,0.0,11.0,12.0,12.0,28.0,24.0,37.0,279,0.0,1.0,0,0,9,0.0,0,0,Axel Tuanzebe
12,0,20.0,17,8,3,0.0,0.0,0.0,21.0,16.0,14.0,68.0,62.0,53.0,551,0.0,12.0,6,0,13,1.0,1,0,Brandon Williams
12,0,18.0,0,0,0,0.0,0.0,0.0,0.0,0.0,0.0,0.0,0.0,0.0,0,0.0,0.0,0,0,0,0.0,0,0,Teden Mengi
12,3,27.0,112,63,18,301.0,110.0,21.0,157.0,83.0,116.0,718.0,824.0,753.0,7139,21.0,105.0,19,1,190,13.0,25,26,Paul Pogba
12,3,32.0,262,136,61,362.0,133.0,29.0,196.0,132.0,63.0,1084.0,616.0,890.0,11379,68.0,1099.0,19,1,134,102.0,51,52,Juan Mata
12,3,27.0,133,68,31,178.0,69.0,18.0,130.0,52.0,34.0,336.0,358.0,526.0,3536,18.0,121.0,15,0,140,20.0,18,10,Jesse Lingard
12,3,24.0,45,21,13,45.0,16.0,1.0,34.0,20.0,12.0,140.0,101.0,213.0,1111,8.0,88.0,10,0,42,4.0,2,4,Andreas Pereira
12,3,27.0,46,22,14,57.0,12.0,1.0,89.0,54.0,35.0,339.0,205.0,250.0,2437,4.0,76.0,10,0,67,2.0,1,1,Fred
12,3,26.0,15,9,1,47.0,19.0,4.0,24.0,11.0,14.0,75.0,57.0,76.0,871,3.0,87.0,2,0,10,2.0,8,7,Bruno Fernandes
12,3,22.0,34,15,9,43.0,20.0,2.0,22.0,7.0,6.0,94.0,111.0,141.0,722,6.0,100.0,4,0,14,2.0,3,6,Daniel James
12,3,32.0,208,127,36,134.0,35.0,7.0,491.0,337.0,406.0,1583.0,1196.0,1009.0,12463,11.0,92.0,36,3,234,14.0,6,19,Nemanja Matic
12,3,23.0,59,33,13,48.0,17.0,3.0,69.0,62.0,62.0,259.0,288.0,224.0,1926,2.0,22.0,6,0,59,1.0,6,1,Scott McTominay
12,3,23.0,1,0,1,1.0,1.0,0.0,1.0,0.0,0.0,1.0,1.0,3.0,22,0.0,0.0,0,0,0,0.0,1,0,Donny van de Beek
12,1,24.0,146,73,37,268.0,122.0,24.0,77.0,29.0,56.0,0.0,0.0,0.0,3712,35.0,200.0,8,0,125,49.0,51,23,Anthony Martial
12,1,22.0,143,76,28,301.0,130.0,39.0,74.0,35.0,70.0,0.0,0.0,0.0,2979,27.0,258.0,12,1,90,52.0,44,21,Marcus Rashford
12,1,31.0,67,23,27,153.0,62.0,25.0,39.0,18.0,30.0,0.0,0.0,0.0,1045,1.0,20.0,5,0,65,37.0,16,4,Odion Ighalo
12,1,18.0,35,14,10,49.0,24.0,5.0,20.0,6.0,6.0,0.0,0.0,0.0,577,1.0,12.0,0,0,12,5.0,10,1,Mason Greenwood
13,2,28.0,0,0,0,0.0,0.0,0.0,0.0,0.0,0.0,0.0,0.0,0.0,0,0.0,0.0,0,0,0,0.0,0,0,Mark Gillespie
13,2,31.0,88,29,38,0.0,0.0,0.0,0.0,0.0,0.0,0.0,0.0,0.0,2318,0.0,0.0,1,0,0,0.0,0,0,Martin Dubravka
13,2,29.0,21,5,8,0.0,0.0,0.0,0.0,0.0,0.0,0.0,0.0,0.0,554,0.0,0.0,0,0,0,0.0,0,0,Karl Darlow
13,2,19.0,0,0,0,0.0,0.0,0.0,0.0,0.0,0.0,0.0,0.0,0.0,0,0.0,0.0,0,0,0,0.0,0,0,Daniel Langley
13,0,30.0,179,45,85,0.0,0.0,0.0,306.0,304.0,1256.0,683.0,872.0,605.0,5675,10.0,41.0,47,2,171,2.0,14,5,Ciaran Clark
13,0,28.0,128,42,56,0.0,0.0,0.0,216.0,177.0,606.0,387.0,590.0,345.0,3814,4.0,202.0,12,1,58,1.0,2,0,Paul Dummett
13,0,28.0,46,17,21,0.0,0.0,0.0,99.0,114.0,209.0,225.0,268.0,229.0,1755,1.0,29.0,17,0,57,3.0,6,1,Fabian Schär
13,0,26.0,109,34,48,0.0,0.0,0.0,90.0,123.0,645.0,546.0,489.0,275.0,3699,2.0,5.0,16,1,69,3.0,6,1,Jamaal Lascelles
13,0,26.0,17,5,8,0.0,0.0,0.0,18.0,8.0,40.0,43.0,36.0,28.0,329,1.0,20.0,0,0,4,0.0,0,1,Emil Krafth
13,0,31.0,170,55,72,0.0,0.0,0.0,254.0,305.0,1070.0,756.0,777.0,578.0,7218,5.0,48.0,25,0,135,8.0,4,7,Federico Fernández
13,0,26.0,92,25,45,0.0,0.0,0.0,171.0,100.0,221.0,310.0,359.0,299.0,2235,4.0,168.0,15,0,72,11.0,1,5,Javier Manquillo
13,0,27.0,103,29,48,0.0,0.0,0.0,169.0,107.0,269.0,385.0,398.0,390.0,2500,6.0,219.0,16,1,102,15.0,2,5,DeAndre Yedlin
13,0,22.0,30,4,24,0.0,0.0,0.0,53.0,27.0,57.0,150.0,122.0,107.0,1101,1.0,48.0,5,0,16,2.0,1,0,Jamal Lewis
13,3,25.0,34,6,22,24.0,8.0,1.0,19.0,7.0,15.0,97.0,76.0,120.0,325,4.0,56.0,0,0,12,1.0,1,2,Jacob Murphy
13,3,28.0,215,77,86,374.0,114.0,17.0,261.0,198.0,175.0,1111.0,573.0,609.0,8878,30.0,610.0,33,4,178,12.0,20,23,Jonjo Shelvey
13,3,31.0,128,38,58,206.0,51.0,7.0,193.0,150.0,173.0,637.0,507.0,649.0,4121,27.0,753.0,24,0,159,8.0,11,20,Matt Ritchie
13,3,25.0,82,31,31,55.0,17.0,2.0,171.0,104.0,102.0,316.0,424.0,372.0,2149,9.0,66.0,15,2,92,2.0,3,6,Isaac Hayden
13,3,26.0,48,17,18,76.0,25.0,11.0,81.0,39.0,20.0,256.0,222.0,205.0,1098,4.0,65.0,5,0,37,28.0,4,3,Miguel Almirón
13,3,28.0,80,25,32,72.0,28.0,4.0,52.0,26.0,41.0,245.0,217.0,380.0,1096,12.0,117.0,5,0,34,14.0,3,6,Christian Atsu
13,3,22.0,33,12,15,33.0,9.0,0.0,52.0,29.0,28.0,119.0,123.0,134.0,925,3.0,36.0,4,1,24,0.0,2,1,Sean Longstaff
13,3,20.0,9,2,4,4.0,2.0,0.0,3.0,5.0,3.0,38.0,17.0,29.0,255,1.0,2.0,1,0,6,0.0,2,0,Matthew Longstaff
13,3,28.0,124,41,55,99.0,25.0,7.0,91.0,80.0,93.0,510.0,349.0,520.0,3063,7.0,95.0,19,1,97,34.0,10,6,Jeff Hendrick
13,3,26.0,121,34,59,132.0,61.0,7.0,57.0,67.0,80.0,413.0,364.0,360.0,3469,41.0,711.0,7,0,40,14.0,16,26,Ryan Fraser
13,3,29.0,5,3,2,1.0,1.0,0.0,18.0,9.0,10.0,24.0,23.0,20.0,106,0.0,2.0,0,0,1,0.0,1,0,Henri Saivet
13,3,23.0,0,0,0,0.0,0.0,0.0,0.0,0.0,0.0,0.0,0.0,0.0,0,0.0,0.0,0,0,0,0.0,0,0,Daniel Barlaser
13,1,31.0,232,81,92,534.0,172.0,49.0,103.0,74.0,323.0,0.0,0.0,0.0,4726,28.0,114.0,33,2,321,77.0,53,22,Andy Carroll
13,1,24.0,40,12,17,51.0,15.0,8.0,36.0,11.0,31.0,0.0,0.0,0.0,836,3.0,6.0,7,0,32,22.0,2,2,Joelinton
13,1,23.0,28,11,9,47.0,21.0,4.0,15.0,9.0,5.0,0.0,0.0,0.0,458,8.0,46.0,0,0,19,3.0,3,4,Allan Saint-Maximin
13,1,29.0,119,28,64,160.0,59.0,23.0,61.0,26.0,41.0,0.0,0.0,0.0,1201,6.0,64.0,8,1,77,34.0,25,6,Dwight Gayle
13,1,28.0,128,39,60,226.0,91.0,42.0,41.0,19.0,48.0,0.0,0.0,0.0,1694,21.0,78.0,13,0,177,94.0,42,12,Callum Wilson
14,2,29.0,0,0,0,0.0,0.0,0.0,0.0,0.0,0.0,0.0,0.0,0.0,0,0.0,0.0,0,0,0,0.0,0,0,Wes Foderingham
14,2,23.0,0,0,0,0.0,0.0,0.0,0.0,0.0,0.0,0.0,0.0,0.0,0,0.0,0.0,0,0,0,0.0,0,0,Michael Verrips
14,2,30.0,2,0,1,0.0,0.0,0.0,0.0,0.0,0.0,0.0,0.0,0.0,44,0.0,0.0,0,0,0,0.0,0,0,Simon Moore
14,2,22.0,39,9,23,0.0,0.0,0.0,0.0,0.0,0.0,0.0,0.0,0.0,1000,0.0,0.0,0,0,0,0.0,0,1,Aaron Ramsdale
14,0,27.0,40,14,14,0.0,0.0,0.0,64.0,36.0,70.0,177.0,192.0,182.0,1178,3.0,136.0,7,0,52,11.0,2,3,George Baldock
14,0,30.0,47,16,17,0.0,0.0,0.0,98.0,48.0,96.0,253.0,228.0,219.0,1670,9.0,135.0,8,0,46,2.0,2,4,Enda Stevens
14,0,26.0,35,13,11,0.0,0.0,0.0,26.0,44.0,151.0,192.0,190.0,124.0,1634,6.0,52.0,4,0,22,3.0,0,1,Jack O'Connell
14,0,32.0,61,20,24,0.0,0.0,0.0,126.0,93.0,215.0,246.0,324.0,191.0,1656,2.0,65.0,5,0,39,5.0,1,3,Chris Basham
14,0,27.0,38,14,13,0.0,0.0,0.0,46.0,58.0,168.0,181.0,204.0,133.0,1340,1.0,3.0,4,2,37,1.0,2,0,John Egan
14,0,27.0,9,2,3,0.0,0.0,0.0,14.0,10.0,28.0,37.0,35.0,21.0,291,0.0,7.0,1,0,5,1.0,0,0,Jack Robinson
14,0,23.0,0,0,0,0.0,0.0,0.0,0.0,0.0,0.0,0.0,0.0,0.0,0,0.0,0.0,0,0,0,0.0,0,0,Kean Bryan
14,0,38.0,366,147,111,0.0,0.0,0.0,703.0,618.0,2974.0,1626.0,1842.0,928.0,14775,8.0,131.0,23,2,159,3.0,18,9,Phil Jagielka
14,0,23.0,0,0,0,0.0,0.0,0.0,0.0,0.0,0.0,0.0,0.0,0.0,0,0.0,0.0,0,0,0,0.0,0,0,Max Lowe
14,0,20.0,2,1,1,0.0,0.0,0.0,2.0,0.0,9.0,1.0,4.0,3.0,28,0.0,0.0,0,0,0,0.0,0,0,Ethan Ampadu
14,0,20.0,0,0,0,0.0,0.0,0.0,0.0,0.0,0.0,0.0,0.0,0.0,0,0.0,0.0,0,0,0,0.0,0,0,Jayden Bogle
14,3,29.0,32,10,13,32.0,11.0,2.0,39.0,26.0,22.0,177.0,120.0,136.0,1047,5.0,158.0,8,0,27,1.0,5,2,John Fleck
14,3,26.0,36,12,13,44.0,11.0,5.0,47.0,34.0,44.0,165.0,105.0,148.0,1247,8.0,75.0,6,0,30,7.0,5,3,John Lundstram
14,3,29.0,39,14,13,17.0,6.0,0.0,66.0,49.0,40.0,280.0,136.0,135.0,2062,6.0,205.0,8,0,32,1.0,1,1,Oliver Norwood
14,3,26.0,14,8,3,3.0,1.0,0.0,15.0,6.0,6.0,45.0,31.0,38.0,244,1.0,18.0,0,0,9,1.0,0,0,Ben Osborn
14,3,22.0,16,6,7,7.0,2.0,1.0,24.0,11.0,16.0,62.0,85.0,53.0,412,1.0,23.0,0,0,19,1.0,1,1,Sander Berge
14,3,29.0,167,50,64,210.0,58.0,13.0,212.0,113.0,227.0,482.0,470.0,423.0,3881,2.0,67.0,26,1,135,7.0,10,4,Jack Rodwell
14,3,21.0,0,0,0,0.0,0.0,0.0,0.0,0.0,0.0,0.0,0.0,0.0,0,0.0,0.0,0,0,0,0.0,0,0,Regan Slater
14,3,23.0,16,0,13,4.0,0.0,1.0,6.0,7.0,2.0,15.0,34.0,51.0,149,1.0,9.0,0,0,5,0.0,0,2,Oliver Burke
14,3,18.0,0,0,0,0.0,0.0,0.0,0.0,0.0,0.0,0.0,0.0,0.0,0,0.0,0.0,0,0,0,0.0,0,0,Zak Brunt
14,1,24.0,54,17,25,60.0,31.0,10.0,45.0,17.0,45.0,0.0,0.0,0.0,785,3.0,15.0,5,0,35,5.0,6,1,Oliver McBurnie
14,1,34.0,28,7,13,17.0,7.0,6.0,7.0,1.0,3.0,0.0,0.0,0.0,233,5.0,13.0,1,1,20,14.0,3,2,Billy Sharp
14,1,32.0,30,10,10,47.0,20.0,15.0,41.0,3.0,24.0,0.0,0.0,0.0,636,4.0,10.0,2,0,33,12.0,2,2,David McGoldrick
14,1,24.0,88,31,38,81.0,24.0,11.0,25.0,8.0,17.0,0.0,0.0,0.0,585,9.0,19.0,3,0,48,21.0,9,4,Lys Mousset
15,2,30.0,96,26,43,0.0,0.0,0.0,0.0,0.0,0.0,0.0,0.0,0.0,2325,0.0,0.0,3,0,1,0.0,0,0,Alex McCarthy
15,2,24.0,22,6,10,0.0,0.0,0.0,0.0,0.0,0.0,0.0,0.0,0.0,520,0.0,0.0,0,0,0,0.0,0,0,Angus Gunn
15,2,32.0,107,44,38,0.0,0.0,0.0,0.0,0.0,0.0,0.0,0.0,0.0,2515,0.0,0.0,4,0,0,0.0,0,0,Fraser Forster
15,2,22.0,0,0,0,0.0,0.0,0.0,0.0,0.0,0.0,0.0,0.0,0.0,0,0.0,0.0,0,0,0,0.0,0,0,Harry Lewis
15,0,28.0,43,14,20,0.0,0.0,0.0,74.0,62.0,273.0,208.0,280.0,150.0,1709,3.0,2.0,5,0,27,1.0,1,0,Jannik Vestergaard
15,0,26.0,93,25,40,0.0,0.0,0.0,123.0,136.0,396.0,513.0,381.0,324.0,3850,3.0,20.0,16,2,55,3.0,4,4,Jack Stephens
15,0,31.0,231,83,95,0.0,0.0,0.0,338.0,331.0,396.0,897.0,987.0,897.0,8783,29.0,817.0,31,2,211,10.0,7,15,Ryan Bertrand
15,0,20.0,1,0,0,0.0,0.0,0.0,2.0,0.0,1.0,1.0,3.0,2.0,58,0.0,1.0,0,0,0,0.0,0,0,Jake Vokins
15,0,24.0,66,22,29,0.0,0.0,0.0,113.0,154.0,390.0,327.0,351.0,239.0,2655,2.0,2.0,12,0,58,0.0,2,2,Jan Bednarek
15,0,21.0,34,11,15,0.0,0.0,0.0,62.0,35.0,86.0,121.0,176.0,202.0,621,2.0,66.0,4,1,34,5.0,2,1,Yan Valery
15,0,23.0,24,13,6,0.0,0.0,0.0,41.0,28.0,36.0,116.0,137.0,101.0,925,5.0,38.0,3,0,14,3.0,0,6,Kyle Walker-Peters
15,0,21.0,0,0,0,0.0,0.0,0.0,0.0,0.0,0.0,0.0,0.0,0.0,0,0.0,0.0,0,0,0,0.0,0,0,Mohammed Salisu
15,3,22.0,20,7,11,22.0,8.0,3.0,28.0,10.0,9.0,52.0,117.0,102.0,266,3.0,21.0,4,1,26,3.0,2,2,Moussa Djenepo
15,3,29.0,183,66,67,113.0,23.0,3.0,471.0,328.0,254.0,1118.0,1000.0,921.0,7889,12.0,20.0,49,0,253,5.0,4,0,Oriol Romeu
15,3,25.0,233,80,89,249.0,102.0,15.0,262.0,188.0,249.0,914.0,613.0,874.0,6946,36.0,1110.0,28,1,193,5.0,22,22,James Ward-Prowse
15,3,28.0,60,19,26,79.0,32.0,4.0,61.0,23.0,34.0,189.0,184.0,241.0,1230,3.0,48.0,6,0,47,7.0,8,5,Stuart Armstrong
15,3,27.0,70,12,35,73.0,20.0,2.0,91.0,15.0,9.0,212.0,371.0,410.0,1328,9.0,101.0,8,0,77,5.0,3,4,Sofiane Boufal
15,3,26.0,208,53,99,382.0,129.0,15.0,253.0,113.0,74.0,901.0,924.0,1114.0,5788,37.0,525.0,12,1,155,48.0,25,18,Nathan Redmond
15,3,20.0,11,5,3,6.0,0.0,0.0,13.0,3.0,1.0,0.0,0.0,0.0,248,0.0,9.0,0,0,4,0.0,0,2,William Smallbone
15,3,21.0,2,1,1,2.0,1.0,0.0,0.0,0.0,0.0,0.0,7.0,1.0,4,0.0,0.0,0,0,0,0.0,0,0,Nathan Tella
15,1,33.0,322,110,143,403.0,161.0,64.0,230.0,125.0,181.0,0.0,0.0,0.0,4540,25.0,307.0,28,0,395,186.0,55,23,Shane Long
15,1,28.0,113,32,47,268.0,108.0,26.0,106.0,37.0,45.0,0.0,0.0,0.0,1938,14.0,94.0,11,0,91,43.0,45,9,Danny Ings
15,1,24.0,32,13,14,41.0,13.0,11.0,6.0,2.0,9.0,0.0,0.0,0.0,282,5.0,13.0,1,0,20,11.0,4,2,Che Adams
15,1,20.0,28,10,12,20.0,8.0,4.0,8.0,7.0,0.0,0.0,0.0,0.0,156,3.0,3.0,2,0,13,4.0,4,3,Michael Obafemi
16,2,33.0,262,153,56,0.0,0.0,0.0,0.0,0.0,0.0,0.0,0.0,0.0,6702,0.0,0.0,3,0,3,0.0,0,0,Hugo Lloris
16,2,28.0,43,13,20,0.0,0.0,0.0,0.0,0.0,0.0,0.0,0.0,0.0,982,0.0,0.0,1,0,1,0.0,0,0,Paulo Gazzaniga
16,2,33.0,340,169,97,0.0,0.0,0.0,0.0,0.0,0.0,0.0,0.0,0.0,6733,0.0,0.0,7,0,6,0.0,0,1,Joe Hart
16,2,21.0,0,0,0,0.0,0.0,0.0,0.0,0.0,0.0,0.0,0.0,0.0,0,0.0,0.0,0,0,0,0.0,0,0,Alfie Whiteman
16,2,21.0,0,0,0,0.0,0.0,0.0,0.0,0.0,0.0,0.0,0.0,0.0,0,0.0,0.0,0,0,0,0.0,0,0,Brandon Austin
16,0,31.0,176,98,42,0.0,0.0,0.0,226.0,183.0,976.0,824.0,556.0,442.0,10036,5.0,57.0,20,0,68,3.0,8,4,Toby Alderweireld
16,0,24.0,84,46,21,0.0,0.0,0.0,122.0,102.0,384.0,430.0,379.0,305.0,4901,1.0,5.0,9,1,73,1.0,1,1,Davinson Sánchez
16,0,22.0,16,8,5,0.0,0.0,0.0,38.0,11.0,50.0,62.0,96.0,59.0,642,2.0,2.0,4,1,18,0.0,1,0,Juan Foyth
16,0,27.0,58,32,13,0.0,0.0,0.0,162.0,85.0,149.0,285.0,394.0,328.0,2326,11.0,229.0,4,2,79,9.0,3,9,Serge Aurier
16,0,27.0,201,96,59,0.0,0.0,0.0,390.0,263.0,625.0,689.0,957.0,842.0,8593,20.0,587.0,26,0,162,4.0,6,15,Ben Davies
16,0,21.0,6,1,3,0.0,0.0,0.0,17.0,11.0,29.0,27.0,45.0,32.0,201,0.0,2.0,1,0,8,0.0,0,0,Japhet Tanganga
16,0,28.0,77,32,22,0.0,0.0,0.0,128.0,103.0,137.0,333.0,508.0,388.0,2970,11.0,108.0,7,0,63,6.0,8,8,Matt Doherty
16,0,18.0,0,0,0,0.0,0.0,0.0,0.0,0.0,0.0,0.0,0.0,0.0,0,0.0,0.0,0,0,0,0.0,0,0,Dennis Cirkin
16,0,22.0,0,0,0,0.0,0.0,0.0,0.0,0.0,0.0,0.0,0.0,0.0,0,0.0,0.0,0,0,0,0.0,0,0,Cameron Carter-Vickers
16,0,23.0,0,0,0,0.0,0.0,0.0,0.0,0.0,0.0,0.0,0.0,0.0,0,0.0,0.0,0,0,0,0.0,0,0,Sergio Reguilón
16,3,24.0,96,58,23,32.0,6.0,1.0,88.0,73.0,64.0,394.0,230.0,237.0,4198,3.0,54.0,14,0,59,2.0,2,2,Harry Winks
16,3,28.0,155,81,36,203.0,69.0,16.0,247.0,103.0,32.0,546.0,633.0,869.0,4019,28.0,374.0,26,0,213,28.0,16,23,Erik Lamela
16,3,26.0,176,102,36,114.0,27.0,6.0,286.0,257.0,530.0,729.0,822.0,703.0,9661,11.0,121.0,33,0,164,6.0,10,8,Eric Dier
16,3,31.0,235,110,83,216.0,69.0,18.0,280.0,163.0,176.0,1273.0,1069.0,1390.0,8466,34.0,459.0,36,2,276,24.0,14,24,Moussa Sissoko
16,3,20.0,41,10,25,29.0,11.0,9.0,29.0,22.0,48.0,156.0,113.0,177.0,846,6.0,79.0,0,0,24,17.0,2,6,Ryan Sessegnon
16,3,24.0,157,90,34,319.0,128.0,37.0,237.0,127.0,99.0,750.0,817.0,1078.0,5517,44.0,76.0,24,0,178,31.0,50,33,Dele Alli
16,3,23.0,23,6,10,9.0,4.0,0.0,24.0,14.0,8.0,83.0,102.0,72.0,672,1.0,13.0,4,0,15,0.0,2,2,Tanguy Ndombele
16,3,21.0,7,3,1,1.0,0.0,0.0,2.0,1.0,0.0,7.0,6.0,9.0,39,0.0,7.0,0,0,0,0.0,0,0,Gedson Fernandes
16,3,25.0,111,34,49,143.0,40.0,8.0,245.0,177.0,131.0,939.0,639.0,605.0,5860,4.0,89.0,21,2,149,2.0,4,4,Pierre-Emile Højbjerg
16,3,19.0,0,0,0,0.0,0.0,0.0,0.0,0.0,0.0,0.0,0.0,0.0,0,0.0,0.0,0,0,0,0.0,0,0,Harvey White
16,3,24.0,29,11,8,19.0,3.0,1.0,51.0,9.0,17.0,124.0,140.0,151.0,995,1.0,57.0,7,0,30,0.0,0,2,Giovani Lo Celso
16,1,28.0,75,38,26,108.0,37.0,17.0,95.0,42.0,51.0,0.0,0.0,0.0,1653,7.0,43.0,6,0,62,20.0,14,5,Lucas Moura
16,1,19.0,0,0,0,0.0,0.0,0.0,0.0,0.0,0.0,0.0,0.0,0.0,0,0.0,0.0,0,0,0,0.0,0,0,Jack Clarke
16,1,28.0,162,95,36,354.0,151.0,27.0,110.0,57.0,43.0,0.0,0.0,0.0,3731,32.0,242.0,4,2,65,99.0,57,29,Son Heung-Min
16,1,27.0,212,120,48,783.0,354.0,85.0,139.0,59.0,147.0,0.0,0.0,0.0,4408,38.0,178.0,26,0,208,160.0,144,24,Harry Kane
16,1,22.0,16,8,4,9.0,4.0,0.0,10.0,1.0,5.0,0.0,0.0,0.0,265,1.0,10.0,2,0,9,0.0,3,1,Steven Bergwijn
16,1,31.0,146,62,41,435.0,161.0,21.0,220.0,240.0,295.0,0.0,0.0,0.0,4663,32.0,1021.0,15,1,86,30.0,42,20,Gareth Bale
17,2,27.0,2,0,2,0.0,0.0,0.0,0.0,0.0,0.0,0.0,0.0,0.0,51,0.0,0.0,0,0,0,0.0,0,0,Sam Johnstone
17,2,31.0,4,1,2,0.0,0.0,0.0,0.0,0.0,0.0,0.0,0.0,0.0,99,0.0,0.0,0,0,0,0.0,0,0,David Button
17,2,27.0,0,0,0,0.0,0.0,0.0,0.0,0.0,0.0,0.0,0.0,0.0,0,0.0,0.0,0,0,0,0.0,0,0,Jonathan Bond
17,0,24.0,5,0,5,0.0,0.0,0.0,3.0,9.0,12.0,11.0,27.0,23.0,117,0.0,12.0,1,0,5,1.0,0,0,Darnell Furlong
17,0,30.0,172,88,40,0.0,0.0,0.0,332.0,307.0,496.0,715.0,757.0,640.0,6012,13.0,429.0,17,2,112,13.0,2,9,Kieran Gibbs
17,0,29.0,23,6,11,0.0,0.0,0.0,32.0,26.0,115.0,59.0,95.0,50.0,776,0.0,3.0,6,0,22,2.0,0,0,Kyle Bartley
17,0,26.0,2,0,2,0.0,0.0,0.0,0.0,2.0,3.0,9.0,1.0,7.0,54,0.0,0.0,1,0,2,0.0,0,0,Semi Ajayi
17,0,27.0,0,0,0,0.0,0.0,0.0,0.0,0.0,0.0,0.0,0.0,0.0,0,0.0,0.0,0,0,0,0.0,0,0,Conor Townsend
17,0,29.0,38,6,19,0.0,0.0,0.0,58.0,60.0,270.0,183.0,192.0,145.0,1186,0.0,10.0,4,0,24,2.0,2,0,Ahmed Hegazi
17,0,21.0,2,0,2,0.0,0.0,0.0,8.0,1.0,6.0,11.0,12.0,7.0,79,0.0,0.0,0,0,2,0.0,0,0,Dara O'Shea
17,0,23.0,0,0,0,0.0,0.0,0.0,0.0,0.0,0.0,0.0,0.0,0.0,0,0.0,0.0,0,0,0,0.0,0,0,Cédric Kipré
17,0,33.0,20,7,12,0.0,0.0,0.0,39.0,18.0,53.0,70.0,78.0,54.0,342,0.0,6.0,4,0,15,0.0,0,0,Lee Peltier
17,0,36.0,261,152,50,0.0,0.0,0.0,528.0,393.0,1137.0,1154.0,1427.0,915.0,9871,20.0,520.0,55,2,293,18.0,22,20,Branislav Ivanovic
17,3,30.0,180,52,87,129.0,32.0,1.0,363.0,227.0,164.0,903.0,633.0,665.0,6813,11.0,56.0,30,1,199,3.0,7,9,Jake Livermore
17,3,29.0,110,28,55,150.0,39.0,8.0,100.0,70.0,83.0,408.0,435.0,648.0,1831,23.0,536.0,6,0,57,20.0,10,22,Matt Phillips
17,3,32.0,15,4,7,24.0,7.0,1.0,4.0,8.0,6.0,36.0,21.0,59.0,251,5.0,84.0,1,0,12,6.0,0,4,Kamil Grosicki
17,3,20.0,2,1,1,0.0,0.0,0.0,1.0,1.0,0.0,2.0,2.0,2.0,18,0.0,0.0,0,0,1,0.0,0,0,Rekeem Harper
17,3,28.0,2,0,2,0.0,0.0,0.0,2.0,2.0,1.0,9.0,6.0,9.0,63,0.0,0.0,0,0,1,0.0,0,0,Romaine Sawyers
17,3,22.0,20,5,9,6.0,1.0,0.0,21.0,15.0,9.0,56.0,47.0,55.0,275,0.0,15.0,5,0,16,0.0,1,0,Sam Field
17,3,22.0,2,0,2,1.0,0.0,0.0,2.0,0.0,0.0,0.0,0.0,0.0,11,0.0,0.0,0,0,0,0.0,0,0,Kyle Edwards
17,3,22.0,19,7,10,13.0,5.0,0.0,23.0,4.0,5.0,49.0,72.0,85.0,298,3.0,14.0,0,0,4,2.0,1,1,Grady Diangana
17,3,20.0,0,0,0,0.0,0.0,0.0,0.0,0.0,0.0,0.0,0.0,0.0,0,0.0,0.0,0,0,0,0.0,0,0,Conor Gallagher
17,1,31.0,76,16,39,73.0,28.0,5.0,21.0,29.0,34.0,0.0,0.0,0.0,682,2.0,101.0,5,1,76,13.0,12,3,Hal Robson-Kanu
17,1,26.0,19,4,13,17.0,8.0,2.0,3.0,2.0,5.0,0.0,0.0,0.0,136,1.0,7.0,1,0,13,4.0,1,1,Kenneth Zohore
17,1,24.0,2,0,2,4.0,2.0,0.0,1.0,3.0,2.0,0.0,0.0,0.0,56,0.0,5.0,0,0,3,0.0,1,1,Matheus Pereira
17,1,31.0,106,25,55,255.0,106.0,34.0,62.0,17.0,84.0,0.0,0.0,0.0,1500,7.0,54.0,8,1,83,68.0,34,8,Charlie Austin
17,1,25.0,22,3,10,14.0,5.0,1.0,7.0,7.0,3.0,0.0,0.0,0.0,190,2.0,22.0,1,0,13,5.0,1,1,Callum Robinson
17,1,19.0,0,0,0,0.0,0.0,0.0,0.0,0.0,0.0,0.0,0.0,0.0,0,0.0,0.0,0,0,0,0.0,0,0,Jamie Soule
18,2,35.0,246,91,104,0.0,0.0,0.0,0.0,0.0,0.0,0.0,0.0,0.0,6328,0.0,0.0,4,1,6,0.0,0,2,Lukasz Fabianski
18,2,34.0,5,2,3,0.0,0.0,0.0,0.0,0.0,0.0,0.0,0.0,0.0,111,0.0,0.0,1,0,0,0.0,0,0,David Martin
18,2,33.0,31,10,14,0.0,0.0,0.0,0.0,0.0,0.0,0.0,0.0,0.0,839,0.0,0.0,1,0,0,0.0,0,0,Darren Randolph
18,2,21.0,0,0,0,0.0,0.0,0.0,0.0,0.0,0.0,0.0,0.0,0.0,0,0.0,0.0,0,0,0,0.0,0,0,Nathan Trott
18,0,30.0,190,61,75,0.0,0.0,0.0,212.0,230.0,515.0,855.0,645.0,584.0,6957,27.0,752.0,23,1,88,18.0,8,18,Aaron Cresswell
18,0,29.0,40,15,19,0.0,0.0,0.0,57.0,79.0,243.0,167.0,188.0,165.0,1335,1.0,2.0,4,0,25,0.0,2,0,Fabián Balbuena
18,0,19.0,0,0,0,0.0,0.0,0.0,0.0,0.0,0.0,0.0,0.0,0.0,0,0.0,0.0,0,0,0,0.0,0,0,Gonçalo Cardoso
18,0,32.0,137,47,53,0.0,0.0,0.0,171.0,208.0,689.0,585.0,626.0,377.0,4633,2.0,9.0,16,0,88,1.0,4,1,Angelo Ogbonna
18,0,23.0,67,23,29,0.0,0.0,0.0,97.0,114.0,326.0,330.0,291.0,176.0,2212,3.0,1.0,12,0,49,4.0,4,1,Issa Diop
18,0,27.0,44,13,22,0.0,0.0,0.0,122.0,41.0,109.0,170.0,234.0,169.0,1358,5.0,89.0,14,0,38,2.0,1,4,Ryan Fredericks
18,0,26.0,81,26,33,0.0,0.0,0.0,196.0,102.0,140.0,458.0,506.0,419.0,2578,7.0,197.0,12,1,72,2.0,0,6,Arthur Masuaku
18,0,20.0,4,1,1,1.0,0.0,0.0,9.0,4.0,13.0,13.0,18.0,20.0,135,0.0,11.0,0,0,8,0.0,0,0,Ben Johnson
18,0,19.0,0,0,0,0.0,0.0,0.0,0.0,0.0,0.0,0.0,0.0,0.0,0,0.0,0.0,0,0,0,0.0,0,0,Ajibola Alese
18,0,18.0,0,0,0,0.0,0.0,0.0,0.0,0.0,0.0,0.0,0.0,0.0,0,0.0,0.0,0,0,0,0.0,0,0,Harrison Ashby
18,3,27.0,63,20,32,81.0,33.0,5.0,136.0,63.0,22.0,339.0,366.0,387.0,2567,14.0,155.0,4,0,44,7.0,10,8,Felipe Anderson
18,3,27.0,122,39,49,195.0,61.0,11.0,123.0,118.0,30.0,682.0,533.0,513.0,5096,18.0,257.0,19,0,50,20.0,20,13,Manuel Lanzini
18,3,33.0,160,43,78,250.0,88.0,16.0,265.0,106.0,105.0,623.0,864.0,1119.0,4715,35.0,1090.0,30,0,199,27.0,26,23,Robert Snodgrass
18,3,33.0,383,130,158,332.0,114.0,3.0,860.0,566.0,264.0,2330.0,1607.0,1534.0,17862,35.0,958.0,81,5,380,27.0,46,35,Mark Noble
18,3,24.0,38,10,19,37.0,11.0,2.0,47.0,26.0,8.0,160.0,92.0,158.0,893,4.0,63.0,3,0,19,7.0,2,5,Pablo Fornals
18,3,28.0,182,87,52,140.0,50.0,12.0,217.0,153.0,53.0,915.0,926.0,793.0,7494,32.0,239.0,36,2,169,10.0,8,18,Jack Wilshere
18,3,21.0,101,33,44,59.0,14.0,3.0,254.0,160.0,180.0,681.0,489.0,362.0,3942,2.0,39.0,11,0,64,3.0,3,3,Declan Rice
18,3,24.0,3,2,0,0.0,0.0,0.0,0.0,2.0,1.0,1.0,0.0,1.0,4,0.0,0.0,0,0,0,0.0,0,0,Josh Cullen
18,3,20.0,0,0,0,0.0,0.0,0.0,0.0,0.0,0.0,0.0,0.0,0.0,0,0.0,0.0,0,0,0,0.0,0,0,Conor Coventry
18,1,30.0,135,46,56,307.0,117.0,35.0,120.0,126.0,123.0,479.0,926.0,1066.0,2689,21.0,322.0,14,1,153,60.0,37,14,Michail Antonio
18,1,30.0,34,10,16,38.0,17.0,3.0,18.0,8.0,7.0,0.0,0.0,0.0,626,7.0,35.0,5,0,25,9.0,7,1,Andriy Yarmolenko
18,1,23.0,22,4,15,32.0,7.0,3.0,24.0,19.0,4.0,0.0,0.0,0.0,328,4.0,71.0,0,0,8,1.0,1,4,Jarrod Bowen
18,1,26.0,34,9,18,58.0,28.0,6.0,22.0,8.0,26.0,0.0,0.0,0.0,779,2.0,8.0,1,0,49,19.0,7,1,Sébastien Haller
18,1,23.0,1,0,1,2.0,0.0,0.0,0.0,0.0,0.0,0.0,0.0,0.0,4,0.0,0.0,0,0,0,0.0,0,0,Xande Silva
18,1,19.0,0,0,0,0.0,0.0,0.0,0.0,0.0,0.0,0.0,0.0,0.0,0,0.0,0.0,0,0,0,0.0,0,0,Emmanuel Longelo
19,2,32.0,77,31,23,0.0,0.0,0.0,0.0,0.0,0.0,0.0,0.0,0.0,1530,0.0,0.0,0,0,0,0.0,0,0,Rui Patrício
19,2,33.0,119,33,54,0.0,0.0,0.0,0.0,0.0,0.0,0.0,0.0,0.0,2580,0.0,0.0,3,1,1,0.0,0,0,John Ruddy
19,0,29.0,60,24,18,0.0,0.0,0.0,147.0,116.0,285.0,336.0,425.0,214.0,2779,5.0,2.0,3,2,55,4.0,4,1,Willy Boly
19,0,27.0,79,33,23,0.0,0.0,0.0,71.0,62.0,251.0,504.0,160.0,116.0,3617,2.0,0.0,10,0,28,0.0,0,0,Conor Coady
19,0,26.0,68,27,19,0.0,0.0,0.0,170.0,113.0,82.0,329.0,367.0,382.0,2162,3.0,100.0,10,0,57,7.0,3,3,Jonny
19,0,21.0,34,14,10,0.0,0.0,0.0,40.0,26.0,31.0,102.0,107.0,116.0,556,3.0,83.0,2,0,19,1.0,0,0,Rúben Vinagre
19,0,23.0,4,2,1,0.0,0.0,0.0,4.0,4.0,7.0,9.0,17.0,11.0,101,0.0,0.0,0,0,2,0.0,0,0,Maximilian Kilman
19,0,22.0,1,1,0,0.0,0.0,0.0,0.0,0.0,0.0,0.0,1.0,3.0,14,0.0,0.0,0,0,0,0.0,0,0,Oskar Buur
19,0,31.0,2,1,1,0.0,0.0,0.0,2.0,2.0,3.0,4.0,11.0,5.0,37,0.0,1.0,1,0,1,0.0,0,0,Marçal
19,0,18.0,0,0,0,0.0,0.0,0.0,0.0,0.0,0.0,0.0,0.0,0.0,0,0.0,0.0,0,0,0,0.0,0,0,Ki-Jana Hoever
19,3,23.0,75,30,23,137.0,26.0,0.0,139.0,131.0,77.0,601.0,263.0,290.0,4024,7.0,61.0,17,0,66,0.0,6,5,Rúben Neves
19,3,24.0,11,5,2,12.0,3.0,0.0,7.0,2.0,1.0,17.0,28.0,30.0,143,4.0,9.0,0,0,6,3.0,1,2,Daniel Podence
19,3,30.0,54,24,16,38.0,15.0,6.0,97.0,87.0,187.0,276.0,326.0,225.0,2453,4.0,18.0,17,1,72,2.0,5,1,Romain Saïss
19,3,34.0,78,32,23,40.0,9.0,0.0,210.0,91.0,59.0,530.0,340.0,405.0,3778,16.0,422.0,11,0,95,3.0,2,14,João Moutinho
19,3,25.0,59,26,15,37.0,15.0,8.0,124.0,61.0,92.0,246.0,328.0,271.0,1966,2.0,16.0,6,0,43,1.0,6,0,Leander Dendoncker
19,3,20.0,1,1,0,0.0,0.0,0.0,0.0,0.0,0.0,1.0,1.0,0.0,5,0.0,0.0,0,0,0,0.0,0,0,Vitinha
19,3,21.0,0,0,0,0.0,0.0,0.0,0.0,0.0,0.0,0.0,0.0,0.0,0,0.0,0.0,0,0,0,0.0,0,0,Meritan Shabani
19,1,20.0,31,14,7,19.0,6.0,3.0,11.0,9.0,3.0,0.0,0.0,0.0,399,5.0,52.0,3,0,16,5.0,3,4,Pedro Neto
19,1,29.0,78,32,23,237.0,82.0,20.0,51.0,43.0,75.0,0.0,0.0,0.0,2108,26.0,57.0,7,0,81,52.0,32,13,Raúl Jiménez
19,1,24.0,105,27,47,78.0,21.0,6.0,86.0,27.0,26.0,0.0,0.0,0.0,1434,13.0,327.0,4,0,80,13.0,5,12,Adama Traoré
19,1,18.0,1,0,1,0.0,0.0,0.0,0.0,0.0,0.0,0.0,0.0,0.0,1,0.0,0.0,0,0,0,0.0,0,0,Fábio Silva
19,1,20.0,0,0,0,0.0,0.0,0.0,0.0,0.0,0.0,0.0,0.0,0.0,0,0.0,0.0,0,0,0,0.0,0,0,Leonardo Campana
